Name	Homepage	Description	Version	Tool.Type	Topic	Citations	Documentation	Operating.System	Language	Accessibility	License	DOI	Title	Abstract
MALDIquant	https://cran.r-project.org/package=MALDIquant	MALDIquant is a complete analysis pipeline for matrix-assisted laser desorption/ionization-time-of-flight (MALDI-TOF) and other two-dimensional mass spectrometry data. In addition to commonly used plotting and processing methods it includes distinctive features, namely baseline subtraction methods such as morphological filters (TopHat) or the statistics-sensitive non-linear iterative peak-clipping algorithm (SNIP), peak alignment using warping functions, handling of replicated measurements as well as allowing spectra with different resolutions.		Library, Workflow	Proteomics experiment, Proteomics	476	https://cran.r-project.org/web/packages/MALDIquant/MALDIquant.pdf		R	Open access	GPL-3.0	10.1093/bioinformatics/bts447	Maldiquant: A versatile R package for the analysis of mass spectrometry data	MALDIquant is an R package providing a complete and modular analysis pipeline for quantitative analysis of mass spectrometry data. MALDIquant is specifically designed with application in clinical diagnostics in mind and implements sophisticated routines for importing raw data, preprocessing, non-linear peak alignment and calibration. It also handles technical replicates as well as spectra with unequal resolution. © The Author 2012. Published by Oxford University Press. All rights reserved.
apComplex	http://bioconductor.org/packages/release/bioc/html/apComplex.html	Functions to estimate a bipartite graph of protein complex membership using AP-MS data.	2.40.0	Command-line tool, Library	Proteins, Protein structure analysis, Structural biology, Proteomics experiment	66	http://bioconductor.org/packages/release/bioc/html/apComplex.html	Linux, Windows, Mac	R	None	GPL-3.0	10.1093/bioinformatics/bti567	Local modeling of global interactome networks	Motivation: Systems biology requires accurate models of protein complexes, including physical interactions that assemble and regulate these molecular machines. Yeast two-hybrid (Y2H) and affinity-purification/mass-spectrometry (AP-MS) technologies measure different protein-protein relationships, and issues of completeness, sensitivity and specificity fuel debate over which is best for high-throughput 'interactome' data collection. Static graphs currently used to model Y2H and AP-MS data neglect dynamic and spatial aspects of macromolecular complexes and pleiotropic protein function. Results: We apply the local modeling methodology proposed by Scholtens and Gentleman (2004) to two publicly available datasets and demonstrate its uses, interpretation and limitations. Specifically, we use this technology to address four major issues pertaining to protein-protein networks. (1) We motivate the need to move from static global interactome graphs to local protein complex models. (2) We formally show that accurate local interactome models require both Y2H and AP-MS data, even in idealized situations. (3) We briefly discuss experimental design issues and how bait selection affects interpretability of results. (4) We point to the implications of local modeling for systems biology including functional annotation, new complex prediction, pathway interactivity and coordination with gene-expression data. © The Author 2005. Published by Oxford University Press. All rights reserved.
ASAPRatio	http://tools.proteomecenter.org/ASAPRatio.php	Statistical analysis of protein ratios from ICAT, cICAT or SILAC experiments.		Command-line tool, Desktop application	Proteomics, Proteomics experiment, Statistics and probability	323	http://tools.proteomecenter.org/wiki/index.php?title=Software:ASAPRatio	Windows	C++	None	None	10.1021/ac034633i	Automated Statistical Analysis of Protein Abundance Ratios from Data Generated by Stable-Isotope Dilution and Tandem Mass Spectrometry	We describe an algorithm for the automated statistical analysis of protein abundance ratios (ASAPRatio) of proteins contained in two samples. Proteins are labeled with distinct stable-isotope tags and fragmented, and the tagged peptide fragments are separated by liquid chromatography (LC) and analyzed by electrospray ionization (ESI) tandem mass spectrometry (MS/MS). The algorithm utilizes the signals recorded for the different isotopic forms of peptides of identical sequence and numerical and statistical methods, such as Savitzky-Golay smoothing filters, statistics for weighted samples, and Dixon's test for outliers, to evaluate protein abundance ratios and their associated errors. The algorithm also provides a statistical assessment to distinguish proteins of significant abundance changes from a population of proteins of unchanged abundance. To evaluate its performance, two sets of LC-ESI-MS/MS data were analyzed by the ASAPRatio algorithm without human intervention, and the data were related to the expected and manually validated values. The utility of the ASAPRatio program was clearly demonstrated by its speed and the accuracy of the generated protein abundance ratios and by its capability to identify specific core components of the RNA polymerase II transcription complex within a high background of copurifying proteins.
AUTOHD	http://www.ms-utils.org/autohd.html	Analysis of H/D-exchange data using isotopic distributions.		Command-line tool	Proteomics, Proteomics experiment	62	http://www.ms-utils.org/autohd.html	Linux, Windows, Mac	C	None	GPL-3.0	10.1016/s1044-0305(01)00301-4	Automatic analysis of hydrogen/deuterium exchange mass spectra of peptides and proteins using calculations of isotopic distributions	High mass-resolving power has been shown to be useful for studying the conformational dynamics of proteins by hydrogen/deuterium (H/D) exchange. A computer algorithm was developed that automatically identifies peptides and their extent of deuterium incorporation from H/D exchange mass spectra of enzymatic digests or fragment ions produced by collisionally induced dissociation (CID) or electron capture dissociation (ECD). The computer algorithm compares measured and calculated isotopic distributions and uses a fast calculation of isotopic distributions using the fast Fourier transform (FFT). The algorithm facilitates rapid and automated analysis of H/D exchange mass spectra suitable for high-throughput approaches to the study of peptide and protein structures. The algorithm also makes the identification independent on comparisons with undeuterated control samples. The applicability of the algorithm was demonstrated on simulated isotopic distributions as well as on experimental data, such as Fourier transform ion cyclotron resonance (FTICR) mass spectra of myoglobin peptic digests, and CID and ECD spectra of substance P. Copyright © 2001 American Society for Mass Spectrometry.
CONAN	https://github.com/HITS-MBM/conan	Using molecular dynamics trajectories, analyzes inter-residue contacts, creates videos of time-resolved contact maps, and performs correlation, principal component, and cluster analysis, revealing how specific contacts relate to functionally relevant states sampled by molecular dynamics.		Command-line tool	Proteomics, Molecular dynamics	72	https://github.com/HITS-MBM/conan/blob/master/README.md	Linux, Windows, Mac	Python	None	GPL-3.0	10.1016/j.bpj.2018.01.033	CONAN: A Tool to Decode Dynamical Information from Molecular Interaction Maps	The analysis of contacts is a powerful tool to understand biomolecular function in a series of contexts, from the investigation of dynamical behavior at equilibrium to the study of nonequilibrium dynamics in which the system moves between multiple states. We thus propose a tool called CONtact ANalysis (CONAN) that, from molecular dynamics (MD) trajectories, analyzes interresidue contacts, creates videos of time-resolved contact maps, and performs correlation, principal component, and cluster analysis, revealing how specific contacts relate to functionally relevant states sampled by MD. We present how CONAN can identify features describing the dynamics of ubiquitin both at equilibrium and during mechanical unfolding. Additionally, we show the analysis of MD trajectories of an α-synuclein mutant peptide that undergoes an α-β conformational transition that can be easily monitored using CONAN, which identifies the multiple states that the peptide explores along its conformational dynamics. The high versatility and ease of use of the software make CONAN a tool that can significantly facilitate the understanding of the complex dynamical behavior of proteins or other biomolecules. CONAN and its documentation are freely available for download on GitHub.
DACSIM	https://pubs.acs.org/doi/abs/10.1021/ac0491206	De novo peptide sequencing based on a divide-and-conquer algorithm and peptide tandem spectrum simulation		Command-line tool	Proteomics	78				None	None	10.1021/ac0491206	De novo peptide sequencing based on a divide-and-conquer algorithm and peptide tandem spectrum simulation	Mass spectrometry-based de novo peptide sequencing is generally more reliable on high-resolution instruments owing to their high resolution and mass accuracy. On a lower resolution instrument such as the more widely used quadrupole ion traps, de novo peptide sequencing is not so reliable or requires more MS3 experiments. However, the peptide CID spectrum has been demonstrated to be quite reproducible on an ion trap instrument and can be predicted with good accuracy. A new de novo peptide sequencing technique, DACSIM, combining a divide-and-conquer algorithm for deriving sequence candidates and spectrum simulation for sequence refinement, is developed for spectra acquired on an ion trap instrument. When DACSIM was used to sequence peptides 500-1900 u in mass generated from proteolytic digests of hemoglobin and myoglobin, the success rate was 70% with a false positive rate of only 6%, when isoleucine and leucine residues were not distinguished.
DeconMSn	http://omics.pnl.gov/software/DeconMSn.php	Tool for accurate precursor ion monoisotopic mass determination for tandem mass spectra.		Command-line tool	Proteomics, Proteomics experiment	130	https://omics.pnl.gov/software/deconmsn	Linux, Windows, Mac	C++	None	None	10.1093/bioinformatics/btn063	DeconMSn: A software tool for accurate parent ion monoisotopic mass determination for tandem mass spectra	Summary: DeconMSn accurately determines the monoisotopic mass and charge state of parent ions from high-resolution tandem mass spectrometry data, offering significant improvement for LTQ_FT and LTQ_Orbitrap instruments over the commercially delivered Thermo Fisher Scientific's extract_msn tool. Optimal parent ion mass tolerance values can be determined using accurate mass information, thus improving peptide identifications for high-mass measurement accuracy experiments. For low-resolution data from LCQ and LTQ instruments, DeconMSn incorporates a support-vector-machine-based charge detection algorithm that identifies the most likely charge of a parent species through peak characteristics of its fragmentation pattern. © The Author 2008. Published by Oxford University Press. All rights reserved.
DeconTools	http://omics.pnl.gov/software/DeconTools.php	Advanced peak picking of MS and LC-MS(/MS) data using THRASH and other algorithms.		Command-line tool, Desktop application	Proteomics, Proteomics experiment	504, 184	https://omics.pnl.gov/software/decontools-decon2ls	Linux, Windows, Mac	C#	None	None	10.1016/s1044-0305(99)00157-9	Automated reduction and interpretation of high resolution electrospray mass spectra of large molecules	Here a fully automated computer algorithm is applied to complex mass spectra of peptides and proteins. This method uses a subtractive peak finding routine to locate possible isotopic clusters in the spectrum, subjecting these to a combination of the previous Fourier transform/Patterson method for primary charge determination and the method for least-squares fitting to a theoretically derived isotopic abundance distribution for m/z determination of the most abundant isotopic peak, and the statistical reliability of this determination. If a predicted protein sequence is available, each such m/z value is checked for assignment as a sequence fragment. A new signal-to-noise calculation procedure has been devised for accurate determination of baseline and noise width for spectra with high peak density. In 2 h, the program identified 824 isotopic clusters representing 581 mass values in the spectrum of a GluC digest of a 191 kDa protein; this is >50% more than the number of mass values found by the extremely tedious operator-applied methodology used previously. The program should be generally applicable to classes of large molecules, including DNA and polymers. Thorough high resolution analysis of spectra by Horn (THRASH) is proposed as the program's verb. Copyright © 2000 American Society for Mass Spectrometry., 10.1186/1471-2105-10-87, Decon2LS: An open-source software package for automated processing and visualization of high resolution mass spectrometry data, Background: Data generated from liquid chromatography coupled to high-resolution mass spectrometry (LC-MS)-based studies of a biological sample can contain large amounts of biologically significant information in the form of proteins, peptides, and metabolites. Interpreting this data involves inferring the masses and abundances of biomolecules injected into the instrument. Because of the inherent complexity of mass spectral patterns produced by these biomolecules, the analysis is significantly enhanced by using visualization capabilities to inspect and confirm results. In this paper we describe Decon2LS, an open-source software package for automated processing and visualization of high-resolution MS data. Drawing extensively on algorithms developed over the last ten years for ICR2LS, Decon2LS packages the algorithms as a rich set of modular, reusable processing classes for performing diverse functions such as reading raw data, routine peak finding, theoretical isotope distribution modelling, and deisotoping. Because the source code is openly available, these functionalities can now be used to build derivative applications in relatively fast manner. In addition, Decon2LS provides an extensive set of visualization tools, such as high performance chart controls. Results: With a variety of options that include peak processing, deisotoping, isotope composition, etc, Decon2LS supports processing of multiple raw data formats. Deisotoping can be performed on an individual scan, an individual dataset, or on multiple datasets using batch processing. Other processing options include creating a two dimensional view of mass and liquid chromatography (LC) elution time features, generating spectrum files for tandem MS data, creating total intensity chromatograms, and visualizing theoretical peptide profiles. Application of Decon2LS to deisotope different datasets obtained across different instruments yielded a high number of features that can be used to identify and quantify peptides in the biological sample. Conclusion: Decon2LS is an efficient software package for discovering and visualizing features in proteomics studies that require automated interpretation of mass spectra. Besides being easy to use, fast, and reliable, Decon2LS is also open-source, which allows developers in the proteomics and bioinformatics communities to reuse and refine the algorithms to meet individual needs. © 2009 Jaitly et al; licensee BioMed Central Ltd.
decoy.pl	http://www.matrixscience.com/help/decoy_help.html	Decoy database generator from Matrix Science.		Command-line tool	Proteomics, Proteomics experiment	620	http://www.matrixscience.com/help/decoy_help.html#MANUAL	Linux, Mac	Perl	None	None	10.1038/nmeth785	Comparative evaluation of mass spectrometry platforms used in large-scale proteomics investigations	Researchers have several options when designing proteomics experiments. Primary among these are choices of experimental method, instrumentation and spectral interpretation software. To evaluate these choices on a proteome scale, we compared triplicate measurements of the yeast proteome by liquid chromatography tandem mass spectrometry (LC-MS/MS) using linear ion trap (LTQ) and hybrid quadrupole time-of-flight (QqTOF; QSTAR) mass spectrometers. Acquired MS/MS spectra were interpreted with Mascot and SEQUEST algorithms with and without the requirement that all returned peptides be tryptic. Using a composite target decoy database strategy, we selected scoring criteria yielding 1% estimated false positive identifications at maximum sensitivity for all data sets, allowing reasonable comparisons between them. These comparisons indicate that Mascot and SEQUEST yield similar results for LTQ-acquired spectra but less so for QSTAR spectra. Furthermore, low reproducibility between replicate data acquisitions made on one or both instrument platforms can be exploited to increase sensitivity and confidence in large-scale protein identifications.
Denovogui	http://compomics.github.io/projects/denovogui.html	Graphical user interface for de novo sequencing of tandem mass spectra.	1.9.6	Command-line tool, Desktop application	Proteomics, Proteins, Proteomics experiment	67	http://compomics.github.io/projects/denovogui.html	Linux, Windows, Mac	Java	None	Apache-2.0	10.1021/pr4008078	DeNovoGUI: An open source graphical user interface for de novo sequencing of tandem mass spectra	De novo sequencing is a popular technique in proteomics for identifying peptides from tandem mass spectra without having to rely on a protein sequence database. Despite the strong potential of de novo sequencing algorithms, their adoption threshold remains quite high. We here present a user-friendly and lightweight graphical user interface called DeNovoGUI for running parallelized versions of the freely available de novo sequencing software PepNovo+, greatly simplifying the use of de novo sequencing in proteomics. Our platform-independent software is freely available under the permissible Apache2 open source license. Source code, binaries, and additional documentation are available at http://denovogui.googlecode.com. © 2013 American Chemical Society.
enviPat	http://www.envipat.eawag.ch/	Batch fine structure, profile and centroid calculation with resolution settings provided.		Command-line tool, Library, Web application	Proteomics, Proteomics experiment, Statistics and probability	158	https://cran.r-project.org/web/packages/enviPat/enviPat.pdf	Linux, Windows, Mac	R	None	GPL-2.0	10.1021/acs.analchem.5b00941	Accelerated isotope fine structure calculation using pruned transition trees	A fast and memory-efficient calculation of theoretical isotope patterns is crucial for the routine interpretation of mass spectrometric data. For high-resolution experiments, calculations must procure the exact masses and probabilities of relevant isotopologues over a wide range of polyisotopic compounds, while pruning low-probable ones. Here, a novel albeit simple treelike structure is introduced to swiftly derive sets of relevant subisotopologues for each element in a molecule, which are then combined to the isotopologues of the full molecule. In contrast to existing approaches, transitions via single replacements of the most abundant isotope per element are used in separable tree branches to derive subisotopologues from each other. Moreover, the underlying transition trees prevent redundant replacements and permit the detection of the most probable isotopologue in a first phase. A relative threshold can then be exploited in a second parallelized phase for a precise prepruning of large fractions of the remaining subisotopologues. The gain in performance from such early pruning and the lower variation in the distortion of simulated data with use of relative rather than absolute thresholds were validated in a large-scale benchmark simulation, unprecedentedly comprising several thousand molecular formulas. Both the algorithm and a wealth of related features are freely available as R-package enviPat and as a user-friendly Web interface.
libmprc	http://informatics.mayo.edu/svn/trunk/mprc/raams/doc/index.html	Library for analysis of high resolution mass spectrometry data (including THRASH).		Command-line tool	Proteomics, Proteomics experiment	55			C++	None	None	10.1074/mcp.m600148-mcp200	A method for automatically interpreting mass spectra of 18O-labeled isotopic clusters	16O/18O labeling is one differential proteomics technology among many that promises diagnostic and prognostic biomarkers of disease. Although the incorporation of 18O in the C-terminal carboxyl group during endoproteinase digestion in the presence of H218O makes the process of labeling facile, the ease and effectiveness of label incorporation have in some regards been outweighed by the difficulties in interpreting the resulting spectra. Complex isotope patterns result from the composition of unlabeled (18O0), singly labeled (18O1), and doubly labeled species (18)2) as well as contributions from the naturally occurring isotopes (e.g. 13C and 15N). Moreover because labeling is enzymatic, the number of 18O atoms incorporated can vary from peptide to peptide. Finally it is difficult to distinguish highly up-regulated from highly down-regulated or C-terminal peptides. We have developed an algorithm entitled regression analysis applied to mass spectrometry (RAAMS) that automatically, rapidly, and confidently interprets spectra of 18O-labeled peptides without requiring chemical composition information derived from production spectra. The algorithm is able to measure the effective 18O incorporation rate due to variable enzyme substrate specificity of the pseudosubstrater during the isotope exchange reaction and corrects for the 18O0 abundance that remains in the labeled sample when using a two-step digestion/labeling procedure. We have also incorporated a method for distinguishing pure 18O0 from pure 18O2 peptides utilizing impure H218O. The algorithm operates on centroided peak lists and is therefore very fast: nine chromatograms of, on average, 1,168 spectra and containing, on average, 6,761 isotopic clusters were interpreted in, on average, 45 s per chromatogram. RAAMS is fast enough (average, 38 ms/spectrum) to allow the possibility of performing information-dependent MS/MS on a chromatographic time scale on species exceeding predetermined ratio thresholds. We describe in detail the operation of the algorithm and demonstrate its use on datasets with known and unknown ratios. © 2007 by The American Society for Biochemistry and Molecular Biology, Inc.
Libra	http://tools.proteomecenter.org/Libra.php	Analyzes 4- and 8-channel iTRAQ data.		Command-line tool, Desktop application	Proteomics, Proteomics experiment, Statistics and probability	635	http://tools.proteomecenter.org/wiki/index.php?title=Software:Libra	Linux, Mac		None	None	10.1002/pmic.200900375	A guided tour of the Trans-Proteomic Pipeline	The Trans-Proteomic Pipeline (TPP) is a suite of software tools for the analysis of MS/MS data sets. The tools encompass most of the steps in a proteomic data analysis workflow in a single, integrated software system. Specifically, the TPP supports all steps from spectrometer output file conversion to protein-level statistical validation, including quantification by stable isotope ratios. We describe here the full workflow of the TPP and the tools therein, along with an example on a sample data set, demonstrating that the setup and use of the tools are straightforward and well supported and do not require specialized informatic resources or knowledge.
LutefiskXP	http://www.hairyfatguy.com/lutefisk/	Software for the de novo interpretation of peptide CID spectra.High quality tandem mass spectra of peptides are often obtained for which no exact database match can be made. Consequently, we are faced with the question of whether the protein under investigation is novel, or if the non-matching spectra are due to less exciting prospects such as inter-species variation, database sequence errors, or unexpected proteolytic cleavages.		Command-line tool	Proteins, Proteomics experiment	73	http://www.hairyfatguy.com/lutefisk/docs/	Linux, Windows, Mac	C	None	None	10.1385/mb:22:3:301	Searching sequence databases via de novo peptide sequencing by tandem mass spectrometry	There are many computer programs that can match tandem mass spectra of peptides to database-derived sequences; however, situations can arise where mass spectral data cannot be correlated with any database sequence. In such cases, sequences can be automatically deduced de novo, without recourse to sequence databases, and the resulting peptide sequences can be used to perform homologous nonexact searches of sequence databases. This article describes details on how to implement both a de novo sequencing program called "Lutefisk," and a version of FASTA that has been modified to account for sequence ambiguities inherent in tandem mass spectrometry data.
MAPDIA	http://sourceforge.net/projects/mapdia/.	Performs essential data preprocessing, including novel retention time-based normalization method and a sequence of peptide/fragment selection steps, and more importantly, hierarchical model-based statistical significance analysis for multi-group comparisons under representative experimental designs.		Command-line tool	Proteomics, Proteomics experiment, Proteins	115	http://mapdia.sourceforge.net/Main.html	Linux, Windows, Mac	C++	None	None	10.1016/j.jprot.2015.09.013	MapDIA: Preprocessing and statistical analysis of quantitative proteomics data from data independent acquisition mass spectrometry	Data independent acquisition (DIA) mass spectrometry is an emerging technique that offers more complete detection and quantification of peptides and proteins across multiple samples. DIA allows fragment-level quantification, which can be considered as repeated measurements of the abundance of the corresponding peptides and proteins in the downstream statistical analysis. However, few statistical approaches are available for aggregating these complex fragment-level data into peptide- or protein-level statistical summaries. In this work, we describe a software package, mapDIA, for statistical analysis of differential protein expression using DIA fragment-level intensities. The workflow consists of three major steps: intensity normalization, peptide/fragment selection, and statistical analysis. First, mapDIA offers normalization of fragment-level intensities by total intensity sums as well as a novel alternative normalization by local intensity sums in retention time space. Second, mapDIA removes outlier observations and selects peptides/fragments that preserve the major quantitative patterns across all samples for each protein. Last, using the selected fragments and peptides, mapDIA performs model-based statistical significance analysis of protein-level differential expression between specified groups of samples. Using a comprehensive set of simulation datasets, we show that mapDIA detects differentially expressed proteins with accurate control of the false discovery rates. We also describe the analysis procedure in detail using two recently published DIA datasets generated for 14-3-3. β dynamic interaction network and prostate cancer glycoproteome. Availability: The software was written in C. ++ language and the source code is available for free through SourceForge website http://sourceforge.net/projects/mapdia/.This article is part of a Special Issue entitled: Computational Proteomics.
MassyTools	https://github.com/Tarskin/MassyTools	Data processing tool for targeted high-throughput MALDI-MS data extraction.		Command-line tool	Proteomics, Proteomics experiment, Data management	96	https://github.com/Tarskin/MassyTools	Linux, Windows	Python	None	None	10.1021/acs.jproteome.5b00658	MassyTools: A High-Throughput Targeted Data Processing Tool for Relative Quantitation and Quality Control Developed for Glycomic and Glycoproteomic MALDI-MS	The study of N-linked glycosylation has long been complicated by a lack of bioinformatics tools. In particular, there is still a lack of fast and robust data processing tools for targeted (relative) quantitation. We have developed modular, high-throughput data processing software, MassyTools, that is capable of calibrating spectra, extracting data, and performing quality control calculations based on a user-defined list of glycan or glycopeptide compositions. Typical examples of output include relative areas after background subtraction, isotopic pattern-based quality scores, spectral quality scores, and signal-to-noise ratios. We demonstrated MassyTools' performance on MALDI-TOF-MS glycan and glycopeptide data from different samples. MassyTools yielded better calibration than the commercial software flexAnalysis, generally showing 2-fold better ppm errors after internal calibration. Relative quantitation using MassyTools and flexAnalysis gave similar results, yielding a relative standard deviation (RSD) of the main glycan of ∼6%. However, MassyTools yielded 2- to 5-fold lower RSD values for low-abundant analytes than flexAnalysis. Additionally, feature curation based on the computed quality criteria improved the data quality. In conclusion, we show that MassyTools is a robust automated data processing tool for high-throughput, high-performance glycosylation analysis. The package is released under the Apache 2.0 license and is freely available on GitHub (https://github.com/Tarskin/MassyTools).
Morpheus	https://cwenger.github.io/Morpheus/	A proteomics search algorithm specifically designed for high-resolution tandem mass spectra.		Command-line tool	Proteomics	128	https://cwenger.github.io/Morpheus/faq.html		C#	None	MIT	10.1021/pr301024c	A proteomics search algorithm specifically designed for high-resolution tandem mass spectra	The acquisition of high-resolution tandem mass spectra (MS/MS) is becoming more prevalent in proteomics, but most researchers employ peptide identification algorithms that were designed prior to this development. Here, we demonstrate new software, Morpheus, designed specifically for high-mass accuracy data, based on a simple score that is little more than the number of matching products. For a diverse collection of data sets from a variety of organisms (E. coli, yeast, human) acquired on a variety of instruments (quadrupole-time-of-flight, ion trap-orbitrap, and quadrupole-orbitrap) in different laboratories, Morpheus gives more spectrum, peptide, and protein identifications at a 1% false discovery rate (FDR) than Mascot, Open Mass Spectrometry Search Algorithm (OMSSA), and Sequest. Additionally, Morpheus is 1.5 to 4.6 times faster, depending on the data set, than the next fastest algorithm, OMSSA. Morpheus was developed in C#.NET and is available free and open source under a permissive license. © 2013 American Chemical Society.
MS-GFDB	http://proteomics.ucsd.edu/ProteoSAFe/	Peptide identification using a combination of ''de novo'' and database search.		Command-line tool	Proteomics, Proteomics experiment, Statistics and probability	202	http://proteomics.ucsd.edu/Software/MSGFPlus/	Linux, Windows, Mac	Java	None	None	10.1074/mcp.m110.003731	The generating function of CID	ETD, and CID/ETD pairs of tandem mass spectra: Applications to database search, Recent emergence of new mass spectrometry techniques (e.g. electron transfer dissociation, ETD) and improved availability of additional proteases (e.g. Lys-N) for protein digestion in high-throughput experiments raised the challenge of designing new algorithms for interpreting the resulting new types of tandem mass (MS/MS) spectra. Traditional MS/MS database search algorithms such as SEQUEST and Mascot were originally designed for collision induced dissociation (CID) of tryptic peptides and are largely based on expert knowledge about fragmentation of tryptic peptides (rather than machine learning techniques) to design CID-specific scoring functions. As a result, the performance of these algorithms is suboptimal for new mass spectrometry technologies or nontryptic peptides. We recently proposed the generating function approach (MS-GF) for CID spectra of tryptic peptides. In this study, we extend MS-GF to automatically derive scoring parameters from a set of annotated MS/MS spectra of any type (e.g. CID, ETD, etc.), and present a new database search tool MS-GFDB based on MS-GF. We show that MS-GFDB outperforms Mascot for ETD spectra or peptides digested with Lys-N. For example, in the case of ETD spectra, the number of tryptic and Lys-N peptides identified by MS-GFDB increased by a factor of 2.7 and 2.6 as compared with Mascot. Moreover, even following a decade of Mascot developments for analyzing CID spectra of tryptic peptides, MS-GFDB (that is not particularly tailored for CID spectra or tryptic peptides) resulted in 28% increase over Mascot in the number of peptide identifications. Finally, we propose a statistical framework for analyzing multiple spectra from the same precursor (e.g. CID/ETD spectral pairs) and assigning p values to peptide-spectrum-spectrum matches. © 2010 by The American Society for Biochemistry and Molecular Biology, Inc.
msalign2	http://www.ms-utils.org/msalign2/index.html	Aligns 2 CE-MS or LC-MS datasets using accurate mass information.		Command-line tool	Proteomics experiment, Proteomics, Metabolomics	50	http://www.ms-utils.org/msalign2/index.html	Linux	C	None	GPL-3.0	10.1007/s00216-009-3166-1	Alignment of capillary electrophoresis-mass spectrometry datasets using accurate mass information	Capillary electrophoresis-mass spectrometry (CE-MS) is a powerful technique for the analysis of small soluble compounds in biological fluids. A major drawback of CE is the poor migration time reproducibility, which makes it difficult to combine data from different experiments and correctly assign compounds. A number of alignment algorithms have been developed but not all of them can cope with large and irregular time shifts between CE-MS runs. Here we present a genetic algorithm designed for alignment of CE-MS data using accurate mass information. The utility of the algorithm was demonstrated on real data, and the results were compared with one of the existing packages. The new algorithm showed a significant reduction of elution time variation in the aligned datasets. The importance of mass accuracy for the performance of the algorithm was also demonstrated by comparing alignments of datasets from a standard time-of-flight (TOF) instrument with those from the new ultrahigh resolution TOF maXis (Bruker Daltonics). © 2009 Springer-Verlag.
muxQuant	http://www.ms-utils.org/muxQuant	Multiplexed quantitiave proteomics using differential stable isotope labeling.		Command-line tool	Proteomics, Proteomics experiment	63	http://ms-utils.org/muxQuant/	Windows	C	None	GPL-3.0	10.1021/pr0705340	Heat-shock response in Arabidopsis thaliana explored by multiplexed quantitative proteomics using differential metabolic labeling	We have developed a general method for multiplexed quantitative proteomics using differential metabolic stable isotope labeling and mass spectrometry. The method was successfully used to study the dynamics of heat-shock response in Arabidopsis thaliana. A number of known heat-shock proteins were confirmed, and some proteins not previously associated with heat shock were discovered. The method is applicable in stable isotope labeling and allows for high degrees of multiplexing. © 2008 American Chemical Society.
OBI-Warp	http://obi-warp.sourceforge.net	Aligns multiple LC-MS(/MS) datasets in retention time by dynamic time warping.		Command-line tool	Proteomics experiment, Proteomics	199	http://obi-warp.sourceforge.net/tutorials/index.html	Linux	C++	None	None	10.1021/ac0605344	Chromatographic alignment of ESI-LC-MS proteomics data sets by ordered bijective interpolated warping	Mass spectrometry proteomics typically relies upon analyzing outcomes of single analyses; however, comparing raw data across multiple experiments should enhance both peptide/protein identification and quantitation. In the absence of convincing tandem MS identifications, comparing peptide quantities between experiments (or fractions) requires the chromatographic alignment of MS signals. An extension of dynamic time warping (DTW), termed ordered bijective interpolated warping (OBI-Warp), is presented and used to align a variety of electrospray ionization liquid chromatography mass spectrometry (ESI-LC-MS) proteomics data sets. An algorithm to produce a bijective (one-to-one) function from DTW output is coupled with piecewise cubic hermite interpolation to produce a smooth warping function. Data sets were chosen to represent a broad selection of ESI-LC-MS alignment cases. High confidence, overlapping tandem mass spectra are used as standards to optimize and compare alignment parameters. We determine that Pearson's correlation coefficient as a measure of spectra similarity outperforms covariance, dot product, and Euclidean distance in its ability to produce correct alignments with optimal and suboptimal alignment parameters. We demonstrate the importance of penalizing gaps for best alignments. Using optimized parameters, we show that OBI-Warp produces alignments consistent with time standards across these data sets. The source and executables are released under MIT style license at http://obi-warp.sourceforge.net/. © 2006 American Chemical Society.
Pep3D	http://tools.proteomecenter.org/Pep3D.php	Plots LC-MS and LC-MS/MS data in a 2D ''m''/''z'' vs time plot.		Command-line tool	Proteomics, Proteomics experiment	81	http://tools.proteomecenter.org/wiki/index.php?title=Software:Pep3D	Linux, Mac		None	None	10.1021/ac035375s	A tool to visualize and evaluate data obtained by liquid chromatography-electrospray ionization-mass spectrometry	We present a software tool for visualizing data obtained from analyzing complex peptide mixtures by liquid chromatography (LC) electrospray ionization (ESI) mass spectrometry (MS). The data are represented as a two-dimensional density plot. For experiments employing collision-induced dissociation (CID), links are embedded in the image to the CID spectra and the corresponding peptide sequences that are represented by the respective feature. The image provides an intuitive method to evaluate sample quality and the performance of an LC-ESI-MS system and can be used to optimize experimental conditions. Local patterns of the image can also be used to identify chemical contaminants and specific peptide features. Therefore, this software tool may have broad application in MS-based proteomics.
Percolator	http://noble.gs.washington.edu/proj/percolator/	Semi-supervised learning for peptide identification from MS/MS data.		Command-line tool	Proteomics, Proteomics experiment, Statistics and probability, Machine learning	1650	https://github.com/percolator/percolator/wiki/example	Linux, Mac		None	None	10.1038/nmeth1113	Semi-supervised learning for peptide identification from shotgun proteomics datasets	Shotgun proteomics uses liquid chromatography-tandem mass spectrometry to identify proteins in complex biological samples. We describe an algorithm, called Percolator, for improving the rate of confident peptide identifications from a collection of tandem mass spectra. Percolator uses semi-supervised machine learning to discriminate between correct and decoy spectrum identifications, correctly assigning peptides to 17% more spectra from a tryptic Saccharomyces cerevisiae dataset, and up to 77% more spectra from non-tryptic digests, relative to a fully supervised approach.
Popitam	https://github.com/chernan/popitam	Searches for unknown post-translational modifications.		Command-line tool	Proteomics, Proteomics experiment, Protein modifications	86	https://github.com/chernan/popitam	Linux, Windows, Mac		None	None	10.1002/pmic.200300402	Popitam: Towards new heuristic strategies to improve protein identification from tandem mass spectrometry data	In recent years, proteomics research has gained importance due to increasingly powerful techniques in protein purification, mass spectrometry and identification, and due to the development of extensive protein and DNA databases from various organisms. Nevertheless, current identification methods from spectrometric data have difficulties in handling modifications or mutations in the source peptide. Moreover, they have low performance when run on large databases (such as genomic databases), or with low quality data, for example due to bad calibration or low fragmentation of the source peptide. We present a new algorithm dedicated to automated protein identification from tandem mass spectrometry (MS/MS) data by searching a peptide sequence database. Our identification approach shows promising properties for solving the specific difficulties enumerated above. It consists of matching theoretical peptide sequences issued from a database with a structured representation of the source MS/MS spectrum. The representation is similar to the spectrum graphs commonly used by de novo sequencing software. The identification process involves the parsing of the graph in order to emphazise relevant sections for each theoretical sequence, and leads to a list of peptides ranked by a correlation score. The parsing of the graph, which can be a highly combinatorial task, is performed by a bio-inspired algorithm called Ant Colony Optimization algorithm.
ProteomeDigestSim	https://github.com/jgmeyerucsd/ProteomeDigestSim	R classes for prediction of proteome coverage based on iterative digestion by MED-FASP or similar.		Command-line tool	Proteomics, Proteomics experiment, Protein properties, Protein hydropathy	259	https://github.com/jgmeyerucsd/ProteomeDigestSim	Linux, Windows, Mac	R	None	None	10.1021/ac300006b	Consecutive proteolytic digestion in an enzyme reactor increases depth of proteomic and phosphoproteomic analysis	Analytical advantages of using multiple enzymes for sample digestion (MED), primarily an increase of sequence coverage, have been reported in several studies. However, this approach is only rarely used, mainly because it requires additional sample and mass spectrometric measurement time. We have previously described Filter Aided Sample Preparation (FASP), a type of proteomic reactor, in which samples dissolved in sodium dodecyl sulfate (SDS) are digested in an ultrafiltration unit. In FASP, such as in any other preparation protocol, a portion of sample remains after digestion and peptide elution. Making use of this fact, we here develop a protocol enabling consecutive digestion of the sample with two or three enzymes. By use of the FASP method, peptides are liberated after each digestion step and remaining material is subsequently cleaved with the next proteinase. We observed excellent performance of the ultrafiltration devices in this mode, allowing efficient separation of orthogonal populations of peptides, resulting in an increase in the numbers of identified peptides and proteins. At the low microgram level, we found that the consecutive use of endoproteinases LysC and trypsin enabled identification of up to 40% more proteins and phosphorylation sites in comparison to the commonly used one-step tryptic digestion. MED-FASP offers efficient exploration of previously unused sample material, increasing depth of proteomic analyses and sequence coverage. © 2012 American Chemical Society.
ProteoSAFe	http://proteomics.ucsd.edu/ProteoSAFe/	Blind spectral search of tandem mass spectra of peptides.		Command-line tool	Proteomics, Proteomics experiment	113	https://proteomics.ucsd.edu/ProteoSAFe/help.jsp	Linux, Windows, Mac	Python, C	None	None	10.1021/pr050011x	Peptide sequence tags for fast database search in mass-spectrometry	Filtration techniques in the form of rapid elimination of candidate sequences while retaining the true one are key ingredients of database searches in genomics. Although SEQUEST and Mascot perform a conceptually similar task to the tool BLAST, the key algorithmic idea of BLAST (filtration) was never implemented in these tools. As a result MS/MS protein identification tools are becoming too time-consuming for many applications including search for post-translationally modified peptides. Moreover, matching millions of spectra against all known proteins will soon make these tools too slow in the same way that "genome vs genome" comparisons instantly made BLAST too slow. We describe the development of filters for MS/MS database searches that dramatically reduce the running time and effectively remove the bottlenecks in searching the huge space of protein modifications. Our approach, based on a probability model for determining the accuracy of sequence tags, achieves superior results compared to GutenTag, a popular tag generation algorithm. Our tag generating algorithm along with our de novo sequencing algorithm PepNovo can be accessed via the URL http://peptide.ucsd.edu/. © 2005 American Chemical Society.
Quant	http://sourceforge.net/projects/protms	MATLAB program for protein quantitation by iTRAQ.		Command-line tool	Proteomics, Proteomics experiment	98	https://sourceforge.net/p/protms/wiki/Home/	Linux, Mac	Java, C	None	None	10.1186/1471-2105-8-214	Precise protein quantification based on peptide quantification using iTRAQ™	Background: Mass spectrometry based quantification of peptides can be performed using the iTRAQ™ reagent in conjunction with mass spectrometry. This technology yields information about the relative abundance of single peptides. A method for the calculation of reliable quantification information is required in order to obtain biologically relevant data at the protein expression level. Results: A method comprising sound error estimation and statistical methods is presented that allows precise abundance analysis plus error calculation at the peptide as well as at the protein level. This yields the relevant information that is required for quantitative proteomics. Comparing the performance of our method named Quant with existing approaches the error estimation is reliable and offers information for precise bioinformatic models. Quant is shown to generate results that are consistent with those produced by ProQuant™, thus validating both systems. Moreover, the results are consistent with that of Mascot™ 2.2. The MATLAB® scripts of Quant are freely available via http://www.protein-ms.de and http://sourceforge.net/projects/protms/, each under the GNU Lesser General Public License. Conclusion: The software Quant demonstrates improvements in protein quantification using iTRAQ™. Precise quantification data can be obtained at the protein level when using error propagation and adequate visualization. Quant integrates both and additionally provides the possibility to obtain more reliable results by calculation of wise quality measures. Peak area integration has been replaced by sum of intensities, yielding more reliable quantification results. Additionally, Quant allows the combination of quantitative information obtained by iTRAQ™ with peptide and protein identifications from popular tandem MS identification tools. Hence Quant is a useful tool for the proteomics community and may help improving analysis of proteomic experimental data. In addition, we have shown that a lognormal distribution fits the data of mass spectrometry based relative peptide quantification. © 2007 Boehm et al; licensee BioMed Central Ltd.
RAAMS	http://informatics.mayo.edu/svn/trunk/mprc/raams/index.html	Algorithm for interpreting O-16/O-18 differential proteomics data.		Command-line tool	Proteomics, Proteomics experiment, Statistics and probability	55			C++	None	None	10.1074/mcp.m600148-mcp200	A method for automatically interpreting mass spectra of 18O-labeled isotopic clusters	16O/18O labeling is one differential proteomics technology among many that promises diagnostic and prognostic biomarkers of disease. Although the incorporation of 18O in the C-terminal carboxyl group during endoproteinase digestion in the presence of H218O makes the process of labeling facile, the ease and effectiveness of label incorporation have in some regards been outweighed by the difficulties in interpreting the resulting spectra. Complex isotope patterns result from the composition of unlabeled (18O0), singly labeled (18O1), and doubly labeled species (18)2) as well as contributions from the naturally occurring isotopes (e.g. 13C and 15N). Moreover because labeling is enzymatic, the number of 18O atoms incorporated can vary from peptide to peptide. Finally it is difficult to distinguish highly up-regulated from highly down-regulated or C-terminal peptides. We have developed an algorithm entitled regression analysis applied to mass spectrometry (RAAMS) that automatically, rapidly, and confidently interprets spectra of 18O-labeled peptides without requiring chemical composition information derived from production spectra. The algorithm is able to measure the effective 18O incorporation rate due to variable enzyme substrate specificity of the pseudosubstrater during the isotope exchange reaction and corrects for the 18O0 abundance that remains in the labeled sample when using a two-step digestion/labeling procedure. We have also incorporated a method for distinguishing pure 18O0 from pure 18O2 peptides utilizing impure H218O. The algorithm operates on centroided peak lists and is therefore very fast: nine chromatograms of, on average, 1,168 spectra and containing, on average, 6,761 isotopic clusters were interpreted in, on average, 45 s per chromatogram. RAAMS is fast enough (average, 38 ms/spectrum) to allow the possibility of performing information-dependent MS/MS on a chromatographic time scale on species exceeding predetermined ratio thresholds. We describe in detail the operation of the algorithm and demonstrate its use on datasets with known and unknown ratios. © 2007 by The American Society for Biochemistry and Molecular Biology, Inc.
SpecArray	http://tools.proteomecenter.org/SpecArray.php	Aligns multiple LC-MS datasets and much more.		Command-line tool	Proteomics, Proteomics experiment	163	http://tools.proteomecenter.org/wiki/index.php?title=Software:SpecArray	Linux, Mac	C++	None	None	10.1074/mcp.m500141-mcp200	A software suite for the generation and comparison of peptide arrays from sets of data collected by liquid chromatography-mass spectrometry	There is an increasing interest in the quantitative proteomic measurement of the protein contents of substantially similar biological samples, e.g. for the analysis of cellular response to perturbations over time or for the discovery of protein biomarkers from clinical samples. Technical limitations of current proteomic platforms such as limited reproducibility and low throughput make this a challenging task. A new LC-MS-based platform is able to generate complex peptide patterns from the analysis of proteolyzed protein samples at high throughput and represents a promising approach for quantitative proteomics. A crucial component of the LC-MS approach is the accurate evaluation of the abundance of detected peptides over many samples and the identification of peptide features that can stratify samples with respect to their genetic, physiological, or environmental origins. We present here a new software suite, SpecArray, that generates a peptide versus sample array from a set of LC-MS data. A peptide array stores the relative abundance of thousands of peptide features in many samples and is in a format identical to that of a gene expression microarray. A peptide array can be subjected to an unsupervised clustering analysis to stratify samples or to a discriminant analysis to identify discriminatory peptide features. We applied the SpecArray to analyze two sets of LC-MS data: one was from four repeat LC-MS analyses of the same glycopeptide sample, and another was from LC-MS analysis of serum samples of five male and five female mice. We demonstrate through these two study cases that the SpecArray software suite can serve as an effective software platform in the LC-MS approach for quantitative proteomics. © 2005 by The American Society for Biochemistry and Molecular Biology, Inc.
SwathXtend	http://bioconductor.org/packages/release/bioc/html/SwathXtend.html	It contains utility functions for integrating spectral libraries for SWATH and statistical data analysis for SWATH generated data.	1.2.0	Command-line tool, Library	Proteomics experiment, Proteomics	91	http://bioconductor.org/packages/release/bioc/html/SwathXtend.html	Linux, Windows, Mac	R	None	GPL-2.0	10.1074/mcp.m115.055558	SWATH mass spectrometry performance using extended peptide MS/MS assay libraries	The use of data-independent acquisition methods such as SWATH for mass spectrometry based proteomics is usually performed with peptide MS/MS assay libraries which enable identification and quantitation of peptide peak areas. Reference assay libraries can be generated locally through information dependent acquisition, or obtained from community data repositories for commonly studied organisms. However, there have been no studies performed to systematically evaluate how locally generated or repository-based assay libraries affect SWATH performance for proteomic studies. To undertake this analysis, we developed a software workflow, SwathXtend, which generates extended peptide assay libraries by integration with a local seed library and delivers statistical analysis of SWATH-quantitative comparisons. We designed test samples using peptides from a yeast extract spiked into peptides from human K562 cell lysates at three different ratios to simulate protein abundance change comparisons. SWATH-MS performance was assessed using local and external assay libraries of varying complexities and proteome compositions. These experiments demonstrated that local seed libraries integrated with external assay libraries achieve better performance than local assay libraries alone, in terms of the number of identified peptides and proteins and the specificity to detect differentially abundant proteins. Our findings show that the performance of extended assay libraries is influenced by the MS/MS feature similarity of the seed and external libraries, while statistical analysis using multiple testing corrections increases the statistical rigor needed when searching against large extended assay libraries.
Unipept visualizations	https://github.com/unipept/unipept-visualizations	A visualisation library based on the visualisations in unipept.	1.5.0	Library	Taxonomy, Proteomics	103, 100	https://github.com/unipept/unipept-visualizations/blob/master/README.md	Linux, Windows, Mac	JavaScript	None	MIT	10.1021/pr300576s	Unipept: Tryptic peptide-based biodiversity analysis of metaproteome samples	The Unipept web application (http://unipept.ugent.be) supports biodiversity analysis of large and complex metaproteome samples using tryptic peptide information obtained from shotgun MS/MS experiments. Its underlying index structure is designed to quickly retrieve all occurrences of a tryptic peptide in UniProtKB records. Taxon-specificity of the tryptic peptide is successively derived from these occurrences using a novel lowest common ancestor approach that is robust against taxonomic misarrangements, misidentifications, and inaccuracies. Not taking into account this identification noise would otherwise result in drastic loss of information. Dynamic treemaps visualize the biodiversity of metaproteome samples, which eases the exploration of samples with highly complex compositions. The potential of Unipept to gain novel insights into the biodiversity of a sample is evaluated by reanalyzing publicly available metaproteome data sets taken from the bacterial phyllosphere and the human gut. © 2012 American Chemical Society., 10.1002/pmic.201400361, The Unipept metaproteomics analysis pipeline, Unipept (http://unipept.ugent.be) is a web application that offers a user-friendly way to explore the biodiversity of complex metaproteome samples by providing interactive visualizations. In this article, the updates and changes to Unipept since its initial release are presented. This includes the addition of interactive sunburst and treeview visualizations to the multipeptide analysis, the foundations of an application programming interface (API) and a command line interface, updated data sources, and the open-sourcing of the entire application under the MIT license.
XLink	http://tools.proteomecenter.org/XLink.php	Set of tools for analysis of data from crosslinked and digested protein complexes.		Command-line tool	Proteomics, Proteomics experiment	105	http://tools.proteomecenter.org/software/xlink/XLINK_Software_Tools/XLINK_Software_Manual_0.93.html	Linux, Windows, Mac	Java, Perl	None	None	10.1021/pr060154z	Protein cross-linking analysis using mass spectrometry	isotope-coded cross-linkers, and integrated computational data processing, Distance constraints in proteins and protein complexes provide invaluable information for calculation of 3D structures, identification of protein binding partners and localization of protein-protein contact sites. We have developed an integrative approach to identify and characterize such sites through the analysis of proteolytic products derived from proteins chemically cross-linked by isotopically coded cross-linkers using LC-MALDI tandem mass spectrometry and computer software. This method is specifically tailored toward the rapid analysis of low microgram amounts of proteins or multimeric protein complexes cross-linked with nonlabeled and deuterium-labeled bis-NHS ester cross-linking reagents (both commercially available and readily synthesized). Through labeling with [18O]water solvent and LC-MALDI analysis, the method further allows the possible distinction between Type O and Type 1 or Type 2 modified peptides (monolinks and looplinks or cross-links), although such a distinction is more readily made from analysis of tandem mass spectrometry data. When applied to the bacterial Colicin E7 DNAse/lm7 heterodimeric protein complex, 23 cross-links were identified including six intersubunit cross-links, all between residues that are close in space when examined in the context of the X-ray structure of the heterodimer. In addition, cross-links were successfully identified in five single subunit proteins, beta-lactoglobulin, cytochrome c, lysozyme, myoglobin, and ribonuclease A, establishing the generality of the approach. © 2006 American Chemical Society.
XPRESS	http://tools.proteomecenter.org/XPRESS.php	Calculates relative abundances from ICAT, cICAT, SILAC and other N-14/N-15 experiments.		Command-line tool, Desktop application	Proteomics, Proteomics experiment	844	http://tools.proteomecenter.org/wiki/index.php?title=Software:XPRESS	Linux, Windows, Mac	C++	None	None	10.1038/nbt1001-946	Quantitative profiling of differentiation-induced microsomal proteins using isotope-coded affinity tags and mass spectrometry	An approach to the systematic identification and quantification of the proteins contained in the microsomal fraction of cells is described. It consists of three steps: (1) preparation of microsomal fractions from cells or tissues representing different states; (2) covalent tagging of the proteins with isotope-coded affinity tag (ICAT) reagents followed by proteolysis of the combined labeled protein samples; and (3) isolation, identification, and quantification of the tagged peptides by multidimensional chromatography, automated tandem mass spectrometry, and computational analysis of the obtained data. The method was used to identify and determine the ratios of abundance of each of 491 proteins contained in the microsomal fractions of naive and in vitrodifferentiated human myeloid leukemia (HL-60) cells. The method and the new software tools to support it are well suited to the large-scale, quantitative analysis of membrane proteins and other classes of proteins that have been refractory to standard proteomics technology.
SRMstats	http://www.stat.purdue.edu/~chang54/SRMstats/Home.html	A statistical framework for protein quantification in SRM experiments based on a family of linear mixed-effects models.		Library	Proteomics, Statistics and probability, Proteomics experiment	114	http://www.stat.purdue.edu/~chang54/SRMstats/R_implementation.html	Linux, Windows, Mac	R	None	None	10.1074/mcp.m111.014662	Protein significance analysis in selected reaction monitoring (SRM) measurements	Selected reaction monitoring (SRM) is a targeted mass spectrometry technique that provides sensitive and accurate protein detection and quantification in complex biological mixtures. Statistical and computational tools are essential for the design and analysis of SRM experiments, particularly in studies with large sample throughput. Currently, most such tools focus on the selection of optimized transitions and on processing signals from SRM assays. Little attention is devoted to protein significance analysis, which combines the quantitative measurements for a protein across isotopic labels, peptides, charge states, transitions, samples, and conditions, and detects proteins that change in abundance between conditions while controlling the false discovery rate. We propose a statistical modeling framework for protein significance analysis. It is based on linear mixed-effects models and is applicable to most experimental designs for both isotope label-based and label-free SRM workflows. We illustrate the utility of the framework in two studies: one with a group comparison experimental design and the other with a time course experimental design. We further verify the accuracy of the framework in two controlled data sets, one from the NCI-CPTAC reproducibility investigation and the other from an in-house spike-in study. The proposed framework is sensitive and specific, produces accurate results in broad experimental circumstances, and helps to optimally design future SRM experiments. The statistical framework is implemented in an open-source R-based software package SRMstats, and can be used by researchers with a limited statistics background as a standalone tool or in integration with the existing computational pipelines. © 2012 by The American Society for Biochemistry and Molecular Biology, Inc.
rpx	http://bioconductor.org/packages/release/bioc/html/rpx.html	This package implements an interface to proteomics data submitted to the ProteomeXchange consortium.	1.10.0	Command-line tool, Library	Proteomics	2259	http://bioconductor.org/packages/release/bioc/html/rpx.html	Linux, Windows, Mac	R	None	GPL-2.0	10.1038/nbt.2839	ProteomeXchange provides globally coordinated proteomics data submission and dissemination	
ProtGenerics	http://bioconductor.org/packages/release/bioc/html/ProtGenerics.html	S4 generic functions needed by BioConductor proteomics packages.	1.6.0	Command-line tool, Library	Proteomics	2315	http://bioconductor.org/packages/release/bioc/html/ProtGenerics.html	Linux, Windows, Mac	R	None	Artistic-2.0	10.1038/nmeth.3252	Orchestrating high-throughput genomic analysis with Bioconductor	Bioconductor is an open-source, open-development software project for the analysis and comprehension of high-throughput data in genomics and molecular biology. The project aims to enable interdisciplinary research, collaboration and rapid development of scientific software. Based on the statistical programming language R, Bioconductor comprises 934 interoperable packages contributed by a large, diverse community of scientists. Packages cover a range of bioinformatic and statistical applications. They undergo formal initial review and continuous automated testing. We present an overview for prospective users and contributors.
pRolocGUI	http://bioconductor.org/packages/release/bioc/html/pRolocGUI.html	This package comprises functions to interactively visualise organelle (spatial) proteomics data on the basis of pRoloc, pRolocdata and Shiny.	1.8.2	Command-line tool, Library	Proteomics	159	http://bioconductor.org/packages/release/bioc/html/pRolocGUI.html	Linux, Windows, Mac	R	None	GPL-2.0	10.1038/ncomms9992	A draft map of the mouse pluripotent stem cell spatial proteome	Knowledge of the subcellular distribution of proteins is vital for understanding cellular mechanisms. Capturing the subcellular proteome in a single experiment has proven challenging, with studies focusing on specific compartments or assigning proteins to subcellular niches with low resolution and/or accuracy. Here we introduce hyperLOPIT, a method that couples extensive fractionation, quantitative high-resolution accurate mass spectrometry with multivariate data analysis. We apply hyperLOPIT to a pluripotent stem cell population whose subcellular proteome has not been extensively studied. We provide localization data on over 5,000 proteins with unprecedented spatial resolution to reveal the organization of organelles, sub-organellar compartments, protein complexes, functional networks and steady-state dynamics of proteins and unexpected subcellular locations. The method paves the way for characterizing the impact of post-transcriptional and post-translational modification on protein location and studies involving proteome-level locational changes on cellular perturbation. An interactive open-source resource is presented that enables exploration of these data.
pepXMLTab	http://bioconductor.org/packages/release/bioc/html/pepXMLTab.html	Parsing pepXML files based one XML package. The package tries to handle pepXML files generated from different softwares. The output will be a peptide-spectrum-matching tabular file. The package also provide function to filter the PSMs based on FDR.	1.8.0	Command-line tool, Library	Proteomics, Small molecules	2315	http://bioconductor.org/packages/release/bioc/html/pepXMLTab.html	Linux, Windows, Mac	R	None	Artistic-2.0	10.1038/nmeth.3252	Orchestrating high-throughput genomic analysis with Bioconductor	Bioconductor is an open-source, open-development software project for the analysis and comprehension of high-throughput data in genomics and molecular biology. The project aims to enable interdisciplinary research, collaboration and rapid development of scientific software. Based on the statistical programming language R, Bioconductor comprises 934 interoperable packages contributed by a large, diverse community of scientists. Packages cover a range of bioinformatic and statistical applications. They undergo formal initial review and continuous automated testing. We present an overview for prospective users and contributors.
MSnID	http://bioconductor.org/packages/release/bioc/html/MSnID.html	Extracts MS/MS ID data from mzIdentML (leveraging mzID package) or text files. After collating the search results from multiple datasets it assesses their identification quality and optimize filtering criteria to achieve the maximum number of identifications while not exceeding a specified false discovery rate. Also contains a number of utilities to explore the MS/MS results and assess missed and irregular enzymatic cleavages, mass measurement accuracy, etc.	1.8.0	Command-line tool, Library	Proteomics experiment, Proteomics, Data acquisition	2315	http://bioconductor.org/packages/release/bioc/html/MSnID.html	Linux, Windows, Mac	R	None	Artistic-2.0	10.1038/nmeth.3252	Orchestrating high-throughput genomic analysis with Bioconductor	Bioconductor is an open-source, open-development software project for the analysis and comprehension of high-throughput data in genomics and molecular biology. The project aims to enable interdisciplinary research, collaboration and rapid development of scientific software. Based on the statistical programming language R, Bioconductor comprises 934 interoperable packages contributed by a large, diverse community of scientists. Packages cover a range of bioinformatic and statistical applications. They undergo formal initial review and continuous automated testing. We present an overview for prospective users and contributors.
msmsTests	http://bioconductor.org/packages/release/bioc/html/msmsTests.html	Statistical tests for label-free LC-MS/MS data by spectral counts, to discover differentially expressed proteins between two biological conditions. Three tests are available: Poisson GLM regression, quasi-likelihood GLM regression, and the negative binomial of the edgeR package.The three models admit blocking factors to control for nuissance variables.	1.12.0	Command-line tool, Library	Proteomics, Proteomics experiment, Data quality management, Data visualisation, Data architecture, analysis and design	2315	http://bioconductor.org/packages/release/bioc/html/msmsTests.html	Linux, Windows, Mac	R	None	GPL-2.0	10.1038/nmeth.3252	Orchestrating high-throughput genomic analysis with Bioconductor	Bioconductor is an open-source, open-development software project for the analysis and comprehension of high-throughput data in genomics and molecular biology. The project aims to enable interdisciplinary research, collaboration and rapid development of scientific software. Based on the statistical programming language R, Bioconductor comprises 934 interoperable packages contributed by a large, diverse community of scientists. Packages cover a range of bioinformatic and statistical applications. They undergo formal initial review and continuous automated testing. We present an overview for prospective users and contributors.
msmsEDA	http://bioconductor.org/packages/release/bioc/html/msmsEDA.html	Exploratory data analysis to assess the quality of a set of LC-MS/MS experiments, and visualize de influence of the involved factors.	1.12.0	Command-line tool, Library	Proteomics, Proteomics experiment, Data quality management, Data visualisation, Data architecture, analysis and design	2315	http://bioconductor.org/packages/release/bioc/html/msmsEDA.html	Linux, Windows, Mac	R	None	GPL-2.0	10.1038/nmeth.3252	Orchestrating high-throughput genomic analysis with Bioconductor	Bioconductor is an open-source, open-development software project for the analysis and comprehension of high-throughput data in genomics and molecular biology. The project aims to enable interdisciplinary research, collaboration and rapid development of scientific software. Based on the statistical programming language R, Bioconductor comprises 934 interoperable packages contributed by a large, diverse community of scientists. Packages cover a range of bioinformatic and statistical applications. They undergo formal initial review and continuous automated testing. We present an overview for prospective users and contributors.
matter	http://bioconductor.org/packages/release/bioc/html/matter.html	Memory-efficient reading, writing, and manipulation of structured binary data on disk as vectors, matrices, and arrays. This package is designed to be used as a back-end for Cardinal for working with high-resolution mass spectrometry imaging data.	1.0.0	Command-line tool, Library	Data management, Imaging, Proteomics	2315	http://bioconductor.org/packages/release/bioc/html/matter.html	Linux, Windows, Mac	R	None	Artistic-2.0	10.1038/nmeth.3252	Orchestrating high-throughput genomic analysis with Bioconductor	Bioconductor is an open-source, open-development software project for the analysis and comprehension of high-throughput data in genomics and molecular biology. The project aims to enable interdisciplinary research, collaboration and rapid development of scientific software. Based on the statistical programming language R, Bioconductor comprises 934 interoperable packages contributed by a large, diverse community of scientists. Packages cover a range of bioinformatic and statistical applications. They undergo formal initial review and continuous automated testing. We present an overview for prospective users and contributors.
massifquant	http://www.bioconductor.org/packages/release/bioc/html/xcms.html	Kalman filter based on binless peak picking and quantitation in XCMS.		Command-line tool	Proteomics, Proteomics experiment	153	http://www.bioconductor.org/packages/release/bioc/manuals/xcms/man/xcms.pdf	Linux, Windows, Mac	R	None	None	10.1093/bioinformatics/btq441	Correction of mass calibration gaps in liquid chromatography-mass spectrometry metabolomics data	Motivation: High mass accuracy is an important goal in liquid chromatography-mass spectrometry experiments. Some manufacturers employ a mass calibration system that regularly switches between the analyte and a standard reference compound, and leads to gaps in the analyte data. We present a method for correction of such gaps in global molecular profiling applications such as metabolomics. We demonstrate that it improves peak detection and quantification, successfully recovering the expected number of peaks and intensity distribution in an example metabolomics dataset. © The Author 2010. Published by Oxford University Press. All rights reserved.
isobar	http://bioconductor.org/packages/release/bioc/html/isobar.html	isobar provides methods for preprocessing, normalization, and report generation for the analysis of quantitative mass spectrometry proteomics data labeled with isobaric tags, such as iTRAQ and TMT. Features modules for integrating and validating PTM-centric datasets (isobar-PTM). More information on http://www.ms-isobar.org.	1.20.0	Command-line tool, Library	Proteomics, Proteomics experiment, Statistics and probability, Protein modifications	110, 18	http://bioconductor.org/packages/release/bioc/html/isobar.html	Linux, Windows, Mac	R	None	GPL-2.0	10.1021/pr1012784	General statistical modeling of data from protein relative expression isobaric tags	Quantitative comparison of the protein content of biological samples is a fundamental tool of research. The TMT and iTRAQ isobaric labeling technologies allow the comparison of 2, 4, 6, or 8 samples in one mass spectrometric analysis. Sound statistical models that scale with the most advanced mass spectrometry (MS) instruments are essential for their efficient use. Through the application of robust statistical methods, we developed models that capture variability from individual spectra to biological samples. Classical experimental designs with a distinct sample in each channel as well as the use of replicates in multiple channels are integrated into a single statistical framework. We have prepared complex test samples including controlled ratios ranging from 100:1 to 1:100 to characterize the performance of our method. We demonstrate its application to actual biological data sets originating from three different laboratories and MS platforms. Finally, test data and an R package, named isobar, which can read Mascot, Phenyx, and mzIdentML files, are made available. The isobar package can also be used as an independent software that requires very little or no R programming skills. © 2011 American Chemical Society., 10.1016/j.jprot.2013.02.022, IsobarPTM: A software tool for the quantitative analysis of post-translationally modified proteins, The establishment of extremely powerful proteomics platforms able to map thousands of modification sites, e.g. phosphorylations or acetylations, over entire proteomes calls for equally powerful software tools to effectively extract useful and reliable information from such complex datasets. We present a new quantitative PTM analysis platform aimed at processing iTRAQ or Tandem Mass Tags (TMT) labeled peptides. It covers a broad range of needs associated with proper PTM ratio analysis such as PTM localization validation, robust ratio computation and statistical assessment, and navigable user report generation. IsobarPTM is made available as an R Bioconductor package and it can be run from the command line by non R specialists. Biological significance: "IsobarPTM is a new software tool facilitating the quantitative analysis of protein modification regulation streamlining important issues related to PTM localization and statistical modeling. Users are provided with a navigable spreadsheet report, which also annotate already public modification sites." This article is part of a Special Issue entitled: From Genome to Proteome: Open Innovations. © 2013 Elsevier B.V.
DEP	http://bioconductor.org/packages/release/bioc/html/DEP.html	This package provides an integrated analysis workflow for robust and reproducible analysis of mass spectrometry proteomics data for differential protein expression or differential enrichment. It requires tabular input (e.g. txt files) as generated by quantitative analysis softwares of raw mass spectrometry data, such as MaxQuant or IsobarQuant.	1.2.0	Library	Proteomics experiment, Proteomics	376	http://bioconductor.org/packages/release/bioc/manuals/DEP/man/DEP.pdf	Linux, Windows, Mac	R	None	Artistic-2.0	10.1038/nprot.2017.147	Proteome-wide identification of ubiquitin interactions using UbIA-MS	ubiquitin-binding proteins play an important role in eukaryotes by translating differently linked polyubiquitin chains into proper cellular responses. current knowledge about ubiquitin-binding proteins and ubiquitin linkage-selective interactions is mostly based on case-by-case studies. We have recently reported a method called ubiquitin interactor affinity enrichment–mass spectrometry (ubIa-Ms), which enables comprehensive identification of ubiquitin interactors for all ubiquitin linkages from crude cell lysates. one major strength of ubIa-Ms is the fact that ubiquitin interactors are enriched from crude cell lysates, in which proteins are present at endogenous levels, contain biologically relevant post-translational modifications (ptMs) and are assembled in native protein complexes. In addition, ubIa-Ms uses chemically synthesized nonhydrolyzable diubiquitin, which mimics native diubiquitin and is inert to cleavage by endogenous deubiquitinases (DuBs). Here, we present a detailed protocol for ubIa-Ms that proceeds in five stages: (i) chemical synthesis of ubiquitin precursors and click chemistry for the generation of biotinylated nonhydrolyzable diubiquitin baits, (ii) in vitro affinity purification of ubiquitin interactors, (iii) on-bead interactor digestion, (iv) liquid chromatography (lc)–Ms/Ms analysis and (v) data analysis to identify differentially enriched proteins. the computational analysis tools are freely available as an open-source r software package, including a graphical interface. typically, ubIa-Ms allows the identification of dozens to hundreds of ubiquitin interactors from any type of cell lysate, and can be used to study cell type or stimulus-dependent ubiquitin interactions. the nonhydrolyzable diubiquitin synthesis can be completed in 3 weeks, followed by ubiquitin interactor enrichment and identification, which can be completed within another 2 weeks.
DECIPHER	http://bioconductor.org/packages/release/bioc/html/DECIPHER.html	A toolset for deciphering and managing biological sequences.	2.2.0	Command-line tool, Library	Proteomics, Data visualisation	2315	http://bioconductor.org/packages/release/bioc/html/DECIPHER.html	Linux, Windows, Mac	R	None	GPL-3.0	10.1038/nmeth.3252	Orchestrating high-throughput genomic analysis with Bioconductor	Bioconductor is an open-source, open-development software project for the analysis and comprehension of high-throughput data in genomics and molecular biology. The project aims to enable interdisciplinary research, collaboration and rapid development of scientific software. Based on the statistical programming language R, Bioconductor comprises 934 interoperable packages contributed by a large, diverse community of scientists. Packages cover a range of bioinformatic and statistical applications. They undergo formal initial review and continuous automated testing. We present an overview for prospective users and contributors.
statTarget	http://bioconductor.org/packages/release/bioc/html/statTarget.html	An easy to use tool provide a graphical user interface for quality control based shift signal correction, integration of metabolomic data from multi-batch experiments, and the comprehensive statistic analysis in non-targeted or targeted metabolomics.	1.4.7	Command-line tool, Library	Proteomics experiment, Metabolomics, Data quality management	2315	http://bioconductor.org/packages/release/bioc/html/statTarget.html	Linux, Windows, Mac	R	None	GPL-2.0	10.1038/nmeth.3252	Orchestrating high-throughput genomic analysis with Bioconductor	Bioconductor is an open-source, open-development software project for the analysis and comprehension of high-throughput data in genomics and molecular biology. The project aims to enable interdisciplinary research, collaboration and rapid development of scientific software. Based on the statistical programming language R, Bioconductor comprises 934 interoperable packages contributed by a large, diverse community of scientists. Packages cover a range of bioinformatic and statistical applications. They undergo formal initial review and continuous automated testing. We present an overview for prospective users and contributors.
Trans-Proteomic Pipeline (TPP)	http://tools.proteomecenter.org/software.php	Institute for Systems Biology "Trans-Proteomic Pipeline"		Command-line tool, Desktop application, Suite	Proteomics, Proteomics experiment	271, 123, 40, 635				None	None	10.1002/prca.201400164	Trans-Proteomic Pipeline	a standardized data processing pipeline for large-scale reproducible proteomics informatics, Democratization of genomics technologies has enabled the rapid determination of genotypes. More recently the democratization of comprehensive proteomics technologies is enabling the determination of the cellular phenotype and the molecular events that define its dynamic state. Core proteomic technologies include MS to define protein sequence, protein:protein interactions, and protein PTMs. Key enabling technologies for proteomics are bioinformatic pipelines to identify, quantitate, and summarize these events. The Trans-Proteomics Pipeline (TPP) is a robust open-source standardized data processing pipeline for large-scale reproducible quantitative MS proteomics. It supports all major operating systems and instrument vendors via open data formats. Here, we provide a review of the overall proteomics workflow supported by the TPP, its major tools, and how it can be used in its various modes from desktop to cloud computing. We describe new features for the TPP, including data visualization functionality. We conclude by describing some common perils that affect the analysis of MS/MS datasets, as well as some major upcoming features., 10.1007/978-1-60761-444-9_15, Trans-proteomic pipeline: a pipeline for proteomic analysis., Mass spectrometry has quickly become an essential tool in molecular biology laboratories. Here, we describe the Trans-Proteomic Pipeline, a collection of software tools, to facilitate the analysis, exchange, and comparison of MS data. The pipeline is instrument-independent and supports most commonly used proteomics workflows, including quantitative applications such as ICAT, iTRAQ, and SILAC. Importantly, the pipeline uses open, standard data formats and calculates accurate estimates of sensitivity and error rates, thus allowing for meaningful data exchange. In this chapter, we will introduce the various components of the pipeline in the context of three typical proteomic use-case scenarios., 10.1007/978-1-60761-977-2_12, Software Pipeline and Data Analysis for MS/MS Proteomics: The Trans-Proteomic Pipeline, The LC-MS/MS shotgun proteomics workflow is widely used to identify and quantify sample peptides and proteins. The technique, however, presents a number of challenges for large-scale use, including the diverse raw data file formats output by mass spectrometers, the large false positive rate among peptide assignments to MS/MS spectra, and the loss of connectivity between identified peptides and the sample proteins that gave rise to them. Here we describe the Trans-Proteomic Pipeline, a freely available open source software suite that provides uniform analysis of LC-MS/MS data from raw data to quantified sample proteins. In a straightforward manner, users can extract MS/MS information from raw data of many instrument formats, submit them to search engines for peptide identification, validate the results to remove false hits, combine together results of multiple search engines, infer sample proteins that gave rise to the identified peptides, and perform quantitation at the peptide and protein levels., 10.1002/pmic.200900375, A guided tour of the Trans-Proteomic Pipeline, The Trans-Proteomic Pipeline (TPP) is a suite of software tools for the analysis of MS/MS data sets. The tools encompass most of the steps in a proteomic data analysis workflow in a single, integrated software system. Specifically, the TPP supports all steps from spectrometer output file conversion to protein-level statistical validation, including quantification by stable isotope ratios. We describe here the full workflow of the TPP and the tools therein, along with an example on a sample data set, demonstrating that the setup and use of the tools are straightforward and well supported and do not require specialized informatic resources or knowledge.
rt	http://www.ms-utils.org/rt.html	Retention time prediction using LC-MS data. The latest version (4.0) has an improved user interface and can read pepXML files directly.		Command-line tool	Proteomics, Proteomics experiment	133	http://www.ms-utils.org/rt4.html	Linux, Windows, Mac	C	None	GPL-3.0	10.1021/ac0256890	Prediction of chromatographic retention and protein identification in liquid chromatography/mass spectrometry	Liquid chromatography coupled on- or off-line with mass spectrometry is rapidly advancing as a tool in proteomics capable of dealing with the inherent complexity in biology and complementing conventional approaches based on two-dimensional gel electrophoresis. Proteins can be identified by proteolytic digestion and peptide mass fingerprinting or by searching databases using short-sequence tags generated by tandem mass spectrometry. This paper shows that information on the chromatographic behavior of peptides can assist protein identification by peptide mass fingerprinting in liquid chromatography/mass spectrometry. This additional information is significant and already available at no extra experimental cost.
ProteomeTools	http://www.proteometools.org/	A project that's aim is to translate the human proteome into molecular and digital tools for drug discovery, personalized medicine and life science research. It offers a repository of synthesized peptides and different tools for analyzing them.		Library, Database portal, Desktop application	Proteomics, Proteins, Biomedical science, Bioinformatics	162				Open access	None	10.1038/nmeth.4153	Building ProteomeTools based on a complete synthetic human proteome	We describe ProteomeTools, a project building molecular and digital tools from the human proteome to facilitate biomedical research. Here we report the generation and multimodal liquid chromatography-tandem mass spectrometry analysis of >330,000 synthetic tryptic peptides representing essentially all canonical human gene products, and we exemplify the utility of these data in several applications. The resource (available at http://www.proteometools.org) will be extended to >1 million peptides, and all data will be shared with the community via ProteomicsDB and ProteomeXchange.
Informed-Proteomics	https://github.com/PNNL-Comp-Mass-Spec/Informed-Proteomics	A suite for top-down proteomics analysis that consists of an LC-MS feature-finding algorithm, a database search algorithm, and an interactive results viewer.		Command-line tool	Proteomics experiment, Molecular biology, Proteins	120	https://github.com/PNNL-Comp-Mass-Spec/Informed-Proteomics/wiki	Windows		Open access	Apache-2.0	10.1038/nmeth.4388	Informed-Proteomics: Open-source software package for top-down proteomics	Top-down proteomics, the analysis of intact proteins in their endogenous form, preserves valuable information about post-translation modifications, isoforms and proteolytic processing. The quality of top-down liquid chromatography-tandem MS (LC-MS/MS) data sets is rapidly increasing on account of advances in instrumentation and sample-processing protocols. However, top-down mass spectra are substantially more complex than conventional bottom-up data. New algorithms and software tools for confident proteoform identification and quantification are needed. Here we present Informed-Proteomics, an open-source software suite for top-down proteomics analysis that consists of an LC-MS feature-finding algorithm, a database search algorithm, and an interactive results viewer. We compare our tool with several other popular tools using human-in-mouse xenograft luminal and basal breast tumor samples that are known to have significant differences in protein abundance based on bottom-up analysis.
DIA-Umpire	https://sourceforge.net/projects/diaumpire/	DIA-Umpire is an open source Java program for computational analysis of data independent acquisition (DIA) mass spectrometry-based proteomics data. It enables untargeted peptide and protein identification and quantitation using DIA data, and also incorporates targeted extraction to reduce the number of cases of missing quantitation.	2.0	Command-line tool	Proteomics, Proteomics experiment	470	https://sourceforge.net/projects/diaumpire/files/Manual/	Linux, Windows, Mac	Java	Open access	Apache-2.0	10.1038/nmeth.3255	DIA-Umpire: Comprehensive computational framework for data-independent acquisition proteomics	As a result of recent improvements in mass spectrometry (MS), there is increased interest in data-independent acquisition (DIA) strategies in which all peptides are systematically fragmented using wide mass-isolation windows ('multiplex fragmentation'). DIA-Umpire (http://diaumpire.sourceforge.net/), a comprehensive computational workflow and open-source software for DIA data, detects precursor and fragment chromatographic features and assembles them into pseudo-tandem MS spectra. These spectra can be identified with conventional database-searching and protein-inference tools, allowing sensitive, untargeted analysis of DIA data without the need for a spectral library. Quantification is done with both precursor- and fragment-ion intensities. Furthermore, DIA-Umpire enables targeted extraction of quantitative information based on peptides initially identified in only a subset of the samples, resulting in more consistent quantification across multiple samples. We demonstrated the performance of the method with control samples of varying complexity and publicly available glycoproteomics and affinity purification-MS data.
PECAN (PEptide-Centric Analysis)	https://bitbucket.org/maccosslab/pecan	PECAN (PEptide-Centric Analysis) is a tool for peptide detection directly from DIA data without the need of a spectral library. PECAN takes a list of peptide sequences and query each peptide against the DIA data (in centroid mzML format) and reports the best evidence of detection for each peptide. The PECAN report is designed for Percolator to separate correct from incorrect matches with false discovery rate (FDR) control.		Command-line tool	Proteomics experiment, Proteomics	132	https://bitbucket.org/maccosslab/pecan/src/master/docs/PECANTutorial_v0.9.9.pdf		Python	Open access	LGPL-3.0	10.1038/nmeth.4390	PECAN: Library-free peptide detection for data-independent acquisition tandem mass spectrometry data	Data-independent acquisition (DIA) is an emerging mass spectrometry (MS)-based technique for unbiased and reproducible measurement of protein mixtures. DIA tandem mass spectrometry spectra are often highly multiplexed, containing product ions from multiple cofragmenting precursors. Detecting peptides directly from DIA data is therefore challenging; most DIA data analyses require spectral libraries. Here we present PECAN (http://pecan.maccosslab.org), a library-free, peptide-centric tool that robustly and accurately detects peptides directly from DIA data. PECAN reports evidence of detection based on product ion scoring, which enables detection of low-abundance analytes with poor precursor ion signal. We demonstrate the chromatographic peak picking accuracy and peptide detection capability of PECAN, and we further validate its detection with data-dependent acquisition and targeted analyses. Lastly, we used PECAN to build a plasma proteome library from DIA data and to query known sequence variants.
IDBac	https://chasemc.github.io/IDBac	A MALDI bioinformatics platform for analyzing protein and small molecule MALDI-TOF MS data (with a particular focus on mic organism analysis )	1.1.10	Library, Desktop application	Metabolomics, Proteomics, Drug discovery, Microbiology, Microbial ecology	64, 13		Linux, Windows, Mac	R	Open access	GPL-3.0	10.1073/pnas.1801247115	Coupling MALDI-TOF mass spectrometry protein and specialized metabolite analyses to rapidly discriminate bacterial function	For decades, researchers have lacked the ability to rapidly correlate microbial identity with bacterial metabolism. Since specialized metabolites are critical to bacterial function and survival in the environment, we designed a data acquisition and bioinformatics technique (IDBac) that utilizes in situ matrix-assisted laser desorption/ionization time-of-flight mass spectrometry (MALDI-TOF MS) to analyze protein and specialized metabolite spectra recorded from single bacterial colonies picked from agar plates. We demonstrated the power of our approach by discriminating between two Bacillus subtilis strains in <30 min solely on the basis of their differential ability to produce cyclic peptide antibiotics surfactin and plipastatin, caused by a single frameshift mutation. Next, we used IDBac to detect subtle intraspecies differences in the production of metal scavenging acyl-desferrioxamines in a group of eight freshwater Micromonospora isolates that share >99% sequence similarity in the 16S rRNA gene. Finally, we used IDBac to simultaneously extract protein and specialized metabolite MS profiles from unidentified Lake Michigan sponge-associated bacteria isolated from an agar plate. In just 3 h, we created hierarchical protein MS groupings of 11 environmental isolates (10 MS replicates each, for a total of 110 spectra) that accurately mirrored phylogenetic groupings. We further distinguished isolates within these groupings, which share nearly identical 16S rRNA gene sequence identity, based on interspecies and intraspecies differences in specialized metabolite production. IDBac is an attempt to couple in situ MS analyses of protein content and specialized metabolite production to allow for facile discrimination of closely related bacterial colonies., 10.3791/59219, Using the open-source MALDI TOF-MS IDBac pipeline for analysis of microbial protein and specialized metabolite data, In order to visualize the relationship between bacterial phylogeny and specialized metabolite production of bacterial colonies growing on nutrient agar, we developed IDBac-a low-cost and high-throughput matrix-assisted laser desorption/ionization time-of-flight mass spectrometry (MALDITOF MS) bioinformatics pipeline. IDBac software is designed for non-experts, is freely available, and capable of analyzing a few to thousands of bacterial colonies. Here, we present procedures for the preparation of bacterial colonies for MALDI-TOF MS analysis, MS instrument operation, and data processing and visualization in IDBac. In particular, we instruct users how to cluster bacteria into dendrograms based on protein MS fingerprints and interactively create Metabolite Association Networks (MANs) from specialized metabolite data.
DIA-NN	https://github.com/vdemichev/diann	Neural networks and interference correction enable deep proteome coverage in high throughput.  DIA-NN - a fast and easy to use tool for processing data independent acquisition (DIA) proteomics data.  None required (for .raw, .mzML and .dia processing). Two executables are provided: DiaNN.exe (a command-line tool) and DIA-NN.exe (a GUI implemented as a wrapper for DiaNN.exe)		Command-line tool, Library, Desktop application	Proteomics, Proteomics experiment, Sequence analysis, Machine learning, Small molecules	909	https://github.com/vdemichev/DiaNN/blob/master/DIA-NN%20GUI%20manual.pdf		C++, C, R	None	None	10.1038/s41592-019-0638-x	DIA-NN: neural networks and interference correction enable deep proteome coverage in high throughput	We present an easy-to-use integrated software suite, DIA-NN, that exploits deep neural networks and new quantification and signal correction strategies for the processing of data-independent acquisition (DIA) proteomics experiments. DIA-NN improves the identification and quantification performance in conventional DIA proteomic applications, and is particularly beneficial for high-throughput applications, as it is fast and enables deep and confident proteome coverage when used in combination with fast chromatographic methods.
PeptideShaker	http://compomics.github.io/projects/peptide-shaker.html	PeptideShaker is a search engine independent platform for interpretation of proteomics identification results from multiple search engines, currently supporting X!Tandem, MS-GF+, MS Amanda, OMSSA, MyriMatch, Comet, Tide, Mascot, Andromeda and mzIdentML. By combining the results from multiple search engines, while re-calculating PTM localization scores and redoing the protein inference, PeptideShaker attempts to give you the best possible understanding of your proteomics data	1.13.6	Command-line tool, Desktop application	Proteomics, Proteomics experiment, Proteome	416	http://compomics.github.io/projects/peptide-shaker.html#read-me	Linux, Mac	Java	Open access	Apache-2.0	10.1038/nbt.3109	PeptideShaker enables reanalysis of MS-derived proteomics data sets: To the editor	
MitoCarta	http://www.broadinstitute.org/mitocarta	An updated mitochondrial proteome now with sub-organelle localization and pathway annotations.  An Inventory of Mammalian Mitochondrial Proteins and Pathways.  MitoCarta3.0 is an inventory of 1136 human and 1140 mouse genes encoding proteins with strong support of mitochondrial localization, now with sub-mitochondrial compartment and pathway annotations. To generate this inventory, we performed mass spectrometry of mitochondria isolated from fourteen tissues, assessed protein localization through large-scale GFP tagging/microscopy,.	3.0	Command-line tool	Cell biology, Proteomics, Sequence analysis, Proteomics experiment, Molecular interactions, pathways and networks	734				None	None	10.1093/nar/gkaa1011	MitoCarta3.0: An updated mitochondrial proteome now with sub-organelle localization and pathway annotations	The mammalian mitochondrial proteome is under dual genomic control, with 99% of proteins encoded by the nuclear genome and 13 originating from the mitochondrial DNA (mtDNA). We previously developed MitoCarta, a catalogue of over 1000 genes encoding the mammalian mitochondrial proteome. This catalogue was compiled using a Bayesian integration of multiple sequence features and experimental datasets, notably protein mass spectrometry of mitochondria isolated from fourteen murine tissues. Here, we introduce MitoCarta3.0. Beginning with the MitoCarta2.0 inventory, we performed manual review to remove 100 genes and introduce 78 additional genes, arriving at an updated inventory of 1136 human genes. We now include manually curated annotations of sub-mitochondrial localization (matrix, inner membrane, intermembrane space, outer membrane) as well as assignment to 149 hierarchical 'MitoPathways' spanning seven broad functional categories relevant to mitochondria. MitoCarta3.0, including sub-mitochondrial localization and MitoPathway annotations, is freely available at http://www.broadinstitute.org/mitocarta and should serve as a continued community resource for mitochondrial biology and medicine.
DeepSTORM3D	https://github.com/EliasNehme/DeepSTORM3D	DeepSTORM3D is a tool for dense 3D localization microscopy and PSF design by deep learning. DeepSTORM3D enables the study of biological processes in whole cells at timescales that are rarely explored in localization microscopy.		Script	Imaging, Machine learning, Cell biology, Proteomics experiment	209			Python	None	MIT	10.1038/s41592-020-0853-5	DeepSTORM3D: dense 3D localization microscopy and PSF design by deep learning	An outstanding challenge in single-molecule localization microscopy is the accurate and precise localization of individual point emitters in three dimensions in densely labeled samples. One established approach for three-dimensional single-molecule localization is point-spread-function (PSF) engineering, in which the PSF is engineered to vary distinctively with emitter depth using additional optical elements. However, images of dense emitters, which are desirable for improving temporal resolution, pose a challenge for algorithmic localization of engineered PSFs, due to lateral overlap of the emitter PSFs. Here we train a neural network to localize multiple emitters with densely overlapping Tetrapod PSFs over a large axial range. We then use the network to design the optimal PSF for the multi-emitter case. We demonstrate our approach experimentally with super-resolution reconstructions of mitochondria and volumetric imaging of fluorescently labeled telomeres in cells. Our approach, DeepSTORM3D, enables the study of biological processes in whole cells at timescales that are rarely explored in localization microscopy.
ProteoWizard	http://proteowizard.sourceforge.net/	The ProteoWizard Library and Tools are a set of modular and extensible open-source, cross-platform tools and software libraries that facilitate proteomics data analysis.		Command-line tool, Desktop application	Proteomics, Proteomics experiment	2529	http://proteowizard.sourceforge.net/IntroductoryTutorial.shtml	Linux, Windows, Mac	C++	None	None	10.1038/nbt.2377	A cross-platform toolkit for mass spectrometry and proteomics	
HDXfit	https://www.mathworks.com/matlabcentral/fileexchange/69415-hdxfit	HDXfit is a package for fitting the site exchange probabilities to peptide mass envelopes from hydrogen/deuterium exchange of a protein.	1.0.2.1	Library	Small molecules, Statistics and probability, Proteomics	115, 5		Windows, Linux, Mac	MATLAB	Open access (with restrictions)	None	10.1073/pnas.1315532110	Protein hydrogen exchange at residue resolution by proteolytic fragmentation mass spectrometry analysis	Hydrogen exchange technology provides a uniquely powerful instrument for measuring protein structural and biophysical properties, quantitatively and in a nonperturbing way, and determining how these properties are implemented to produce protein function. A developing hydrogen exchange-mass spectrometry method (HX MS) is able to analyze large biologically important protein systems while requiring only minuscule amounts of experimental material. The major remaining deficiency of the HX MS method is the inability to deconvolve HX results to individual amino acid residue resolution. To pursue this goal we used an iterative optimization program (HDsite) that integrates recent progress in multiple peptide acquisition together with previously unexamined isotopic envelope-shape information and a site-resolved backexchange correction. To test this approach, residue-resolved HX rates computed from HX MS data were compared with extensive HX NMR measurements, and analogous comparisons were made in simulation trials. These tests found excellent agreement and revealed the important computational determinants., 10.1002/rcm.8460, Resolution of protein hydrogen/deuterium exchange by fitting amide exchange probabilities to the peptide isotopic envelopes, Rationale: Mass spectra processing in protein hydrogen/deuterium (H/D) exchange has been remarkably improved by the introduction of fitting of the amide exchange probabilities to peptide isotopic envelope intensities (Kan et al., 2013), in contrast to methods in which only the peptide deuterium uptakes (centroid shifts of isotopic envelopes) are used. However, the known implementations are based on the general fitting routines that use only the objective function values. Besides, applicability of more than one fitting method makes necessary their comparative evaluation. Methods: Two fitting methods were considered: the common least squares and the fitting of the multinomial distribution representing the number of deuterium atoms exchanged in the individual peptides. Both methods were applied either directly to the isotopic envelope data or to the deuterium distributions obtained by envelope deconvolution (i.e. de-isotoping). Results: An autonomous Matlab script was prepared, based on the exact expressions for the gradient and Hessian of the objective function, with the trust-region algorithm implemented in the compact analytical form recently made available. The least-squares fitting to the envelope data produced the best results, with the greatest precision and good coverage of exact values by the confidence intervals. The deuterium distributions were sensitive to the (simulated) experimental error whose progression by envelope deconvolution caused degradation in accuracy. The multinomial distribution fitting exhibited poor performance due to inadequate representation of the experimental error and missing of the appropriate weight parameters. Some specific peptide arrangement details were discussed as potential sources of ambiguity in the fitting results. Conclusions: The method of fitting to peptide isotopic envelopes has been improved by using the exact gradient and Hessian of the objective function. The fitting should be repeated with different initial guesses in order to find not only the global minimum, but also the local minima with similar depths which may exist due to eventual ambiguity of the fitting results.
pftools	https://github.com/sib-swiss/pftools3	The pftools are a collection of programs to build, calibrate, and search biological sequences with generalized profiles. Generalized profiles are an extension of position specific scoring matrices by including position specific scores for insertions and deletions. They correspond to a matrix representation of a multiple sequence alignment that can be used to search distant homologous sequences and precisely align sequences to the model.		Web application, Command-line tool	Sequence analysis, Proteomics, Sequence sites, features and motifs, Protein structural motifs and surfaces, Protein folds and structural domains	115, 15	https://web.expasy.org/pftools/	Linux, Windows, Mac	C++	None	GPL-2.0	10.1002/pro.5560030118	Improving the sensitivity of the sequence profile method	The sequence profile method (Gribskov M, McLachlan AD, Eisenberg D, 1987, Proc Natl Acad Sci USA 84:4355‐4358) is a powerful tool to detect distant relationships between amino acid sequences. A profile is a table of posi‐tion‐specific scores and gap penalties, providing a generalized description of a protein motif, which can be used for sequence alignments and database searches instead of an individual sequence. A sequence profile is derived from a multiple sequence alignment. We have found 2 ways to improve the sensitivity of sequence profiles: (1) Sequence weights: Usage of individual weights for each sequence avoids bias toward closely related sequences. These weights are automatically assigned based on the distance of the sequences using a published procedure (Sib‐bald PR, Argos P, 1990, J Mol Biol 216:813‐818). (2) Amino acid substitution table: In addition to the alignment, the construction of a profile also needs an amino acid substitution table. We have found that in some cases a new table, the BLOSUM45 table (Henikoff S, Henikoff JG, 1992, Proc Natl Acud Sci USA 89:10915‐10919), is more sensitive than the original Dayhoff table or the modified Dayhoff table used in the current implementation. Profiles derived by the improved method are more sensitive and selective in a number of cases where previous methods have failed to completely separate true members from false positives. Copyright © 1994 The Protein Society, 10.1093/bioinformatics/btt129, pfsearchV3: a code acceleration and heuristic to search PROSITE profiles., The PROSITE resource provides a rich and well annotated source of signatures in the form of generalized profiles that allow protein domain detection and functional annotation. One of the major limiting factors in the application of PROSITE in genome and metagenome annotation pipelines is the time required to search protein sequence databases for putative matches. We describe an improved and optimized implementation of the PROSITE search tool pfsearch that, combined with a newly developed heuristic, addresses this limitation. On a modern x86_64 hyper-threaded quad-core desktop computer, the new pfsearchV3 is two orders of magnitude faster than the original algorithm. Source code and binaries of pfsearchV3 are freely available for download at http://web.expasy.org/pftools/#pfsearchV3, implemented in C and supported on Linux. PROSITE generalized profiles including the heuristic cut-off scores are available at the same address.
Vonode	http://www.omicsbio.org/	New de novo sequencing algorithm which has been developed specifically for analysis of such high-resolution tandem mass spectra.		Command-line tool	Proteomics, Proteomics experiment, Sequencing	54		Windows		None	None	10.1186/1471-2105-11-118	A high-throughput de novo sequencing approach for shotgun proteomics using high-resolution tandem mass spectrometry	Background: High-resolution tandem mass spectra can now be readily acquired with hybrid instruments, such as LTQ-Orbitrap and LTQ-FT, in high-throughput shotgun proteomics workflows. The improved spectral quality enables more accurate de novo sequencing for identification of post-translational modifications and amino acid polymorphisms.Results: In this study, a new de novo sequencing algorithm, called Vonode, has been developed specifically for analysis of such high-resolution tandem mass spectra. To fully exploit the high mass accuracy of these spectra, a unique scoring system is proposed to evaluate sequence tags based primarily on mass accuracy information of fragment ions. Consensus sequence tags were inferred for 11,422 spectra with an average peptide length of 5.5 residues from a total of 40,297 input spectra acquired in a 24-hour proteomics measurement of Rhodopseudomonas palustris. The accuracy of inferred consensus sequence tags was 84%. According to our comparison, the performance of Vonode was shown to be superior to the PepNovo v2.0 algorithm, in terms of the number of de novo sequenced spectra and the sequencing accuracy.Conclusions: Here, we improved de novo sequencing performance by developing a new algorithm specifically for high-resolution tandem mass spectral data. The Vonode algorithm is freely available for download at http://compbio.ornl.gov/Vonode. © 2010 Pan et al; licensee BioMed Central Ltd.
PepNovo	http://proteomics.ucsd.edu/ProteoSAFe/	"De novo" sequencing using probabilistic network modeling.		Command-line tool	Proteomics, Proteomics experiment	558	http://proteomics.ucsd.edu/Software/MSGFPlus/	Linux, Windows, Mac	C++	None	None	10.1021/ac048788h	PepNovo: De novo peptide sequencing via probabilistic network modeling	We present a novel scoring method for de novo interpretation of peptides from tandem mass spectrometty data. Our scoring method uses a probabilistic network whose structure reflects the chemical and physical rules that govern the peptide fragmentation. We use a likelihood ratio hypothesis test to determine whether the peaks observed in the mass spectrum are more likely to have been produced under our fragmentation model than under a model that treats peaks as random events. We tested our de novo algorithm PepNovo on ion trap data and achieved results that are superior to popular de novo peptide sequencing algorithms. PepNovo can be accessed via the URL http://www-cse.ucsd.edu/groups/ bioinformatics/software.html.
metapredict	http://metapredict.readthedocs.io/	A machine learning-based tool for predicting protein disorder.		Command-line tool	Protein disordered structure, Proteomics, Machine learning, Sequence analysis, Protein folds and structural domains	93		Mac, Linux, Windows	Python, Shell	Open access	MIT	10.1016/j.bpj.2021.08.039	Metapredict: a fast	accurate, and easy-to-use predictor of consensus disorder and structure, Intrinsically disordered proteins and protein regions make up a substantial fraction of many proteomes in which they play a wide variety of essential roles. A critical first step in understanding the role of disordered protein regions in biological function is to identify those disordered regions correctly. Computational methods for disorder prediction have emerged as a core set of tools to guide experiments, interpret results, and develop hypotheses. Given the multiple different predictors available, consensus scores have emerged as a popular approach to mitigate biases or limitations of any single method. Consensus scores integrate the outcome of multiple independent disorder predictors and provide a per-residue value that reflects the number of tools that predict a residue to be disordered. Although consensus scores help mitigate the inherent problems of using any single disorder predictor, they are computationally expensive to generate. They also necessitate the installation of multiple different software tools, which can be prohibitively difficult. To address this challenge, we developed a deep-learning-based predictor of consensus disorder scores. Our predictor, metapredict, utilizes a bidirectional recurrent neural network trained on the consensus disorder scores from 12 proteomes. By benchmarking metapredict using two orthogonal approaches, we found that metapredict is among the most accurate disorder predictors currently available. Metapredict is also remarkably fast, enabling proteome-scale disorder prediction in minutes. Importantly, metapredict is a fully open source and is distributed as a Python package, a collection of command-line tools, and a web server, maximizing the potential practical utility of the predictor. We believe metapredict offers a convenient, accessible, accurate, and high-performance predictor for single-proteins and proteomes alike.
SearchGUI	http://compomics.github.io/projects/searchgui.html	Graphical user interface for proteomics identification search engines	2.2.2	Command-line tool, Desktop application	Proteomics, Proteomics experiment, Data visualisation	302	http://compomics.github.io/projects/searchgui.html#read-me	Linux, Windows, Mac	Java	None	None	10.1002/pmic.201000595	SearchGUI: An open-source graphical user interface for simultaneous OMSSA and X!Tandem searches	The identification of proteins by mass spectrometry is a standard technique in the field of proteomics, relying on search engines to perform the identifications of the acquired spectra. Here, we present a user-friendly, lightweight and open-source graphical user interface called SearchGUI, for configuring and running the freely available OMSSA (open mass spectrometry search algorithm) and X!Tandem search engines simultaneously. Freely available under the permissible Apache2 license, SearchGUI is supported on Windows, Linux and OSX. © 2011 WILEY-VCH Verlag GmbH & Co. KGaA, Weinheim.
CODA	https://github.com/ashleylk/CODA	A tool for quantitative 3D reconstruction of large tissues at cellular resolution.		Script	Imaging, Oncology, Machine learning, Genotype and phenotype, Proteomics	54			MATLAB	None	Not licensed	10.1038/s41592-022-01650-9	CODA: quantitative 3D reconstruction of large tissues at cellular resolution	A central challenge in biology is obtaining high-content, high-resolution information while analyzing tissue samples at volumes relevant to disease progression. We address this here with CODA, a method to reconstruct exceptionally large (up to multicentimeter cubed) tissues at subcellular resolution using serially sectioned hematoxylin and eosin-stained tissue sections. Here we demonstrate CODA’s ability to reconstruct three-dimensional (3D) distinct microanatomical structures in pancreas, skin, lung and liver tissues. CODA allows creation of readily quantifiable tissue volumes amenable to biological research. As a testbed, we assess the microanatomy of the human pancreas during tumorigenesis within the branching pancreatic ductal system, labeling ten distinct structures to examine heterogeneity and structural transformation during neoplastic progression. We show that pancreatic precancerous lesions develop into distinct 3D morphological phenotypes and that pancreatic cancer tends to spread far from the bulk tumor along collagen fibers that are highly aligned to the 3D curves of ductal, lobular, vascular and neural structures. Thus, CODA establishes a means to transform broadly the structural study of human diseases through exploration of exhaustively labeled 3D microarchitecture.
sAMPpred-GAT	http://bliulab.net/sAMPpred-GAT	Prediction of antimicrobial peptide by graph attention network and predicted peptide structure.		Web application, Command-line tool	Small molecules, Machine learning, Structure prediction, Proteomics	83		Mac, Linux, Windows	Python, Shell	Open access	Not licensed	10.1093/bioinformatics/btac715	sAMPpred-GAT: prediction of antimicrobial peptide by graph attention network and predicted peptide structure	Motivation: Antimicrobial peptides (AMPs) are essential components of therapeutic peptides for innate immunity. Researchers have developed several computational methods to predict the potential AMPs from many candidate peptides. With the development of artificial intelligent techniques, the protein structures can be accurately predicted, which are useful for protein sequence and function analysis. Unfortunately, the predicted peptide structure information has not been applied to the field of AMP prediction so as to improve the predictive performance. Results: In this study, we proposed a computational predictor called sAMPpred-GAT for AMP identification. To the best of our knowledge, sAMPpred-GAT is the first approach based on the predicted peptide structures for AMP prediction. The sAMPpred-GAT predictor constructs the graphs based on the predicted peptide structures, sequence information and evolutionary information. The Graph Attention Network (GAT) is then performed on the graphs to learn the discriminative features. Finally, the full connection networks are utilized as the output module to predict whether the peptides are AMP or not. Experimental results show that sAMPpred-GAT outperforms the other state-of-the-art methods in terms of AUC, and achieves better or highly comparable performance in terms of the other metrics on the eight independent test datasets, demonstrating that the predicted peptide structure information is important for AMP prediction.
AlphaPeptDeep	https://github.com/MannLabs/alphapeptdeep	A modular deep learning framework to predict peptide properties for proteomics.		Command-line tool	Proteomics experiment, Proteomics, Small molecules, Machine learning, Protein modifications	55		Mac, Linux, Windows	Python	Open access	Apache-2.0	10.1038/s41467-022-34904-3	AlphaPeptDeep: a modular deep learning framework to predict peptide properties for proteomics	Machine learning and in particular deep learning (DL) are increasingly important in mass spectrometry (MS)-based proteomics. Recent DL models can predict the retention time, ion mobility and fragment intensities of a peptide just from the amino acid sequence with good accuracy. However, DL is a very rapidly developing field with new neural network architectures frequently appearing, which are challenging to incorporate for proteomics researchers. Here we introduce AlphaPeptDeep, a modular Python framework built on the PyTorch DL library that learns and predicts the properties of peptides (https://github.com/MannLabs/alphapeptdeep). It features a model shop that enables non-specialists to create models in just a few lines of code. AlphaPeptDeep represents post-translational modifications in a generic manner, even if only the chemical composition is known. Extensive use of transfer learning obviates the need for large data sets to refine models for particular experimental conditions. The AlphaPeptDeep models for predicting retention time, collisional cross sections and fragment intensities are at least on par with existing tools. Additional sequence-based properties can also be predicted by AlphaPeptDeep, as demonstrated with a HLA peptide prediction model to improve HLA peptide identification for data-independent acquisition (https://github.com/MannLabs/PeptDeep-HLA).
HIGH-PPI	https://github.com/zqgao22/HIGH-PPI	A double-viewed hierarchical graph learning model, HIGH-PPI, to predict PPIs and extrapolate the molecular details involved.		Command-line tool, Script	Protein interactions, Machine learning, Protein interaction experiment, Informatics, Proteomics	63		Linux	Python	Open access	MIT	10.1038/s41467-023-36736-1	Hierarchical graph learning for protein–protein interaction	Protein-Protein Interactions (PPIs) are fundamental means of functions and signalings in biological systems. The massive growth in demand and cost associated with experimental PPI studies calls for computational tools for automated prediction and understanding of PPIs. Despite recent progress, in silico methods remain inadequate in modeling the natural PPI hierarchy. Here we present a double-viewed hierarchical graph learning model, HIGH-PPI, to predict PPIs and extrapolate the molecular details involved. In this model, we create a hierarchical graph, in which a node in the PPI network (top outside-of-protein view) is a protein graph (bottom inside-of-protein view). In the bottom view, a group of chemically relevant descriptors, instead of the protein sequences, are used to better capture the structure-function relationship of the protein. HIGH-PPI examines both outside-of-protein and inside-of-protein of the human interactome to establish a robust machine understanding of PPIs. This model demonstrates high accuracy and robustness in predicting PPIs. Moreover, HIGH-PPI can interpret the modes of action of PPIs by identifying important binding and catalytic sites precisely. Overall, “HIGH-PPI [https://github.com/zqgao22/HIGH-PPI]” is a domain-knowledge-driven and interpretable framework for PPI prediction studies.
DFLpred	http://biomine.cs.vcu.edu/servers/DFLpred/	DFLpred webserver is designed for the prediction of disordered flexible linker (DFL). The server generates numeric score for each residue in the input protein sequence that quantifies putative propensity to form a DFL.		Web application, Command-line tool	Protein disordered structure, Proteomics, Protein folds and structural domains, Protein modifications, Sequence analysis	70	https://fanchi.github.io/DFLpred/	Linux, Mac, Windows	C, Java	Open access	None	10.1093/bioinformatics/btw280	DFLpred: High-throughput prediction of disordered flexible linker regions in protein sequences	Motivation: Disordered flexible linkers (DFLs) are disordered regions that serve as flexible linkers/spacers in multi-domain proteins or between structured constituents in domains. They are different from flexible linkers/residues because they are disordered and longer. Availability of experimentally annotated DFLs provides an opportunity to build high-throughput computational predictors of these regions from protein sequences. To date, there are no computational methods that directly predict DFLs and they can be found only indirectly by filtering predicted flexible residues with predictions of disorder. Results: We conceptualized, developed and empirically assessed a first-of-its-kind sequence-based predictor of DFLs, DFLpred. This method outputs propensity to form DFLs for each residue in the input sequence. DFLpred uses a small set of empirically selected features that quantify propensities to form certain secondary structures, disordered regions and structured regions, which are processed by a fast linear model. Our high-throughput predictor can be used on the whole-proteome scale; it needs <1 h to predict entire proteome on a single CPU. When assessed on an independent test dataset with low sequence-identity proteins, it secures area under the receiver operating characteristic curve equal 0.715 and outperforms existing alternatives that include methods for the prediction of flexible linkers, flexible residues, intrinsically disordered residues and various combinations of these methods. Prediction on the complete human proteome reveals that about 10% of proteins have a large content of over 30% DFL residues. We also estimate that about 6000 DFL regions are long with ≥30 consecutive residues.
Kojak	https://kojak-ms.systemsbiology.net/	A database search algorithm for solving cross-linked peptide mass spectra.	2.0.0	Command-line tool	Proteomics, Proteomics experiment, Proteins	142, 4	https://kojak-ms.systemsbiology.net/docs/index.html	Linux, Windows	C++	Open access	Apache-2.0	10.1021/pr501321h	Kojak: Efficient analysis of chemically cross-linked protein complexes	Protein chemical cross-linking and mass spectrometry enable the analysis of protein-protein interactions and protein topologies; however, complicated cross-linked peptide spectra require specialized algorithms to identify interacting sites. The Kojak cross-linking software application is a new, efficient approach to identify cross-linked peptides, enabling large-scale analysis of protein-protein interactions by chemical cross-linking techniques. The algorithm integrates spectral processing and scoring schemes adopted from traditional database search algorithms and can identify cross-linked peptides using many different chemical cross-linkers with or without heavy isotope labels. Kojak was used to analyze both novel and existing data sets and was compared to existing cross-linking algorithms. The algorithm provided increased cross-link identifications over existing algorithms and, equally importantly, the results in a fraction of computational time. The Kojak algorithm is open-source, cross-platform, and freely available. This software provides both existing and new cross-linking researchers alike an effective way to derive additional cross-link identifications from new or existing data sets. For new users, it provides a simple analytical resource resulting in more cross-link identifications than other methods., 10.1021/acs.jproteome.2c00670, Improved Analysis of Cross-Linking Mass Spectrometry Data with Kojak 2.0, Advanced by Integration into the Trans-Proteomic Pipeline, Fragmentation ion spectral analysis of chemically cross-linked proteins is an established technology in the proteomics research repertoire for determining protein interactions, spatial orientation, and structure. Here we present Kojak version 2.0, a major update to the original Kojak algorithm, which was developed to identify cross-linked peptides from fragment ion spectra using a database search approach. A substantially improved algorithm with updated scoring metrics, support for cleavable cross-linkers, and identification of cross-links between 15N-labeled homomultimers are among the newest features of Kojak 2.0 presented here. Kojak 2.0 is now integrated into the Trans-Proteomic Pipeline, enabling access to dozens of additional tools within that suite. In particular, the PeptideProphet and iProphet tools for validation of cross-links improve the sensitivity and accuracy of correct cross-link identifications at user-defined thresholds. These new features improve the versatility of the algorithm, enabling its use in a wider range of experimental designs and analysis pipelines. Kojak 2.0 remains open-source and multiplatform.
Cardinal	http://bioconductor.org/packages/release/bioc/html/Cardinal.html	Implements statistical and computational tools for analyzing mass spectrometry imaging datasets, including methods for efficient pre-processing, spatial segmentation, and classification.	1.6.0	Command-line tool, Library	Proteomics, Data visualisation	195	http://bioconductor.org/packages/release/bioc/html/Cardinal.html	Linux, Windows, Mac	R	None	Artistic-2.0	10.1093/bioinformatics/btv146	Cardinal: An R package for statistical analysis of mass spectrometry-based imaging experiments	Cardinal is an R package for statistical analysis of mass spectrometry-based imaging (MSI) experiments of biological samples such as tissues. Cardinal supports both Matrix-Assisted Laser Desorption/Ionization (MALDI) and Desorption Electrospray Ionization-based MSI workflows, and experiments with multiple tissues and complex designs. The main analytical functionalities include (1) image segmentation, which partitions a tissue into regions of homogeneous chemical composition, selects the number of segments and the subset of informative ions, and characterizes the associated uncertainty and (2) image classification, which assigns locations on the tissue to predefined classes, selects the subset of informative ions, and estimates the resulting classification error by (cross-) validation. The statistical methods are based on mixture modeling and regularization.
MS Amanda	https://ms.imp.ac.at/?action=ms-amanda	MS Amanda is a scoring system to identify peptides out of tandem mass spectrometry data using a database of known proteins. It is especially designed for high resolution and high accuracy tandem mass spectra.		Command-line tool, Plug-in	Proteomics, Protein modifications	327, 12, 48	https://ms.imp.ac.at/?file=Manual%20MS%20Amanda%20for%20PD1.4.pdf	Windows, Mac, Linux	C#	Open access	Freeware	10.1021/pr500202e	MS Amanda	a universal identification algorithm optimized for high accuracy tandem mass spectra, Todays highly accurate spectra provided by modern tandem mass spectrometers offer considerable advantages for the analysis of proteomic samples of increased complexity. Among other factors, the quantity of reliably identified peptides is considerably influenced by the peptide identification algorithm. While most widely used search engines were developed when high-resolution mass spectrometry data were not readily available for fragment ion masses, we have designed a scoring algorithm particularly suitable for high mass accuracy. Our algorithm, MS Amanda, is generally applicable to HCD, ETD, and CID fragmentation type data. The algorithm confidently explains more spectra at the same false discovery rate than Mascot or SEQUEST on examined high mass accuracy data sets, with excellent overlap and identical peptide sequence identification for most spectra also explained by Mascot or SEQUEST. MS Amanda, available at http://ms.imp.ac.at/?goto=msamanda, is provided free of charge both as standalone version for integration into custom workflows and as a plugin for the Proteome Discoverer platform. © 2014 American Chemical Society., 10.1002/rcm.9088, MS Amanda 2.0: Advancements in the standalone implementation, Rationale: Database search engines are the preferred method to identify peptides in mass spectrometry data. However, valuable software is in this context not only defined by a powerful algorithm to separate correct from false identifications, but also by constant maintenance and continuous improvements. Methods: In 2014, we presented our peptide identification algorithm MS Amanda, showing its suitability for identifying peptides in high-resolution tandem mass spectrometry data and its ability to outperform widely used tools to identify peptides. Since then, we have continuously worked on improvements to enhance its usability and to support new trends and developments in this fast-growing field, while keeping the original scoring algorithm to assess the quality of a peptide spectrum match unchanged. Results: We present the outcome of these efforts, MS Amanda 2.0, a faster and more flexible standalone version with the original scoring algorithm. The new implementation has led to a 3–5× speedup, is able to handle new ion types and supports standard data formats. We also show that MS Amanda 2.0 works best when using only the most common ion types in a particular search instead of all possible ion types. Conclusions: MS Amanda is available free of charge from https://ms.imp.ac.at/index.php?action=msamanda., 10.1021/acs.jproteome.7b00836, CharmeRT: Boosting Peptide Identifications by Chimeric Spectra Identification and Retention Time Prediction, Coeluting peptides are still a major challenge for the identification and validation of MS/MS spectra, but carry great potential. To tackle these problems, we have developed the here presented CharmeRT workflow, combining a chimeric spectra identification strategy implemented as part of the MS Amanda algorithm with the validation system Elutator, which incorporates a highly accurate retention time prediction algorithm. For high-resolution data sets this workflow identifies 38-64% chimeric spectra, which results in up to 63% more unique peptides compared to a conventional single search strategy.
Comet	http://comet-ms.sourceforge.net/	Comet is an open source tandem mass spectrometry (MS/MS) sequence database search tool.	2016.01.2, 2023.01.2	Command-line tool, Desktop application	Proteomics, Protein modifications	998, 154	http://comet-ms.sourceforge.net/release/	Linux, Mac, Windows	C++	None	Apache-2.0	10.1002/pmic.201200439	Comet: An open-source MS/MS sequence database search tool	Proteomics research routinely involves identifying peptides and proteins via MS/MS sequence database search. Thus the database search engine is an integral tool in many proteomics research groups. Here, we introduce the Comet search engine to the existing landscape of commercial and open-source database search tools. Comet is open source, freely available, and based on one of the original sequence database search tools that has been widely used for many years. © 2012 WILEY-VCH Verlag GmbH & Co. KGaA, Weinheim., 10.1007/s13361-015-1179-x, A Deeper Look into Comet - Implementation and Features, The Comet database search software was initially released as an open source project in late 2012. Prior to that, Comet existed as the University of Washington's academic version of the SEQUEST database search tool. Despite its availability and widespread use over the years, some details about its implementation have not been previously disseminated or are not well understood. We address a few of these details in depth and highlight new features available in the latest release. Comet is freely available for download at http://comet-ms.sourceforge.net or it can be accessed as a component of a number of larger software projects into which it has been incorporated. (Figure Presented).
PeptideProphet	http://peptideprophet.sourceforge.net/index.html	Validation of peptide identifications by MS/MS and database searches.		Command-line tool	Proteomics, Proteomics experiment, Statistics and probability	4094	http://tools.proteomecenter.org/wiki/index.php?title=Software:PeptideProphet	Linux, Mac	C++, Perl	None	None	10.1021/ac025747h	Empirical statistical model to estimate the accuracy of peptide identifications made by MS/MS and database search	We present a statistical model to estimate the accuracy of peptide assignments to tandem mass (MS/MS) spectra made by database search applications such as SEQUEST. Employing the expectation maximization algorithm, the analysis learns to distinguish correct from incorrect database search results, computing probabilities that peptide assignments to spectra are correct based upon database search scores and the number of tryptic termini of peptides. Using SEQUEST search results for spectra generated from a sample of known protein components, we demonstrate that the computed probabilities are accurate and have high power to discriminate between correctly and incorrectly assigned peptides. This analysis makes it possible to filter large volumes of MS/MS database search results with predictable false identification error rates and can serve as a common standard by which the results of different research groups are compared.
Tandem2XML	http://tools.proteomecenter.org/wiki/index.php?title=Software:Tandem2XML	Convertor between file format from peptide database search. Converts tandem xml output into pepXML format	5.0.0	Command-line tool	Proteomics	271	http://tools.proteomecenter.org/wiki/index.php?title=Software:Tandem2XML	Linux, Mac		None	None	10.1002/prca.201400164	Trans-Proteomic Pipeline	a standardized data processing pipeline for large-scale reproducible proteomics informatics, Democratization of genomics technologies has enabled the rapid determination of genotypes. More recently the democratization of comprehensive proteomics technologies is enabling the determination of the cellular phenotype and the molecular events that define its dynamic state. Core proteomic technologies include MS to define protein sequence, protein:protein interactions, and protein PTMs. Key enabling technologies for proteomics are bioinformatic pipelines to identify, quantitate, and summarize these events. The Trans-Proteomics Pipeline (TPP) is a robust open-source standardized data processing pipeline for large-scale reproducible quantitative MS proteomics. It supports all major operating systems and instrument vendors via open data formats. Here, we provide a review of the overall proteomics workflow supported by the TPP, its major tools, and how it can be used in its various modes from desktop to cloud computing. We describe new features for the TPP, including data visualization functionality. We conclude by describing some common perils that affect the analysis of MS/MS datasets, as well as some major upcoming features.
MSFragger	http://www.nesvilab.org/software	A database search tool for performing mass spectometry data similarity comparisons. For that it uses a fragment ion indexing method.		Command-line tool	Proteomics experiment, Proteomics, Protein modifications	1011			Java	Open access	Other	10.1038/nmeth.4256	MSFragger: Ultrafast and comprehensive peptide identification in mass spectrometry-based proteomics	There is a need to better understand and handle the 'dark matter' of proteomics-the vast diversity of post-translational and chemical modifications that are unaccounted in a typical mass spectrometry-based analysis and thus remain unidentified. We present a fragment-ion indexing method, and its implementation in peptide identification tool MSFragger, that enables a more than 100-fold improvement in speed over most existing proteome database search tools. Using several large proteomic data sets, we demonstrate how MSFragger empowers the open database search concept for comprehensive identification of peptides and all their modified forms, uncovering dramatic differences in modification rates across experimental samples and conditions. We further illustrate its utility using protein-RNA cross-linked peptide data and using affinity purification experiments where we observe, on average, a 300% increase in the number of identified spectra for enriched proteins. We also discuss the benefits of open searching for improved false discovery rate estimation in proteomics.
Sirius	http://bio.informatik.uni-jena.de/sirius	Tool for metabolite identification using mass spectrometry.		Command-line tool, Desktop application	Proteomics, Proteomics experiment, Metabolomics	250	https://bio.informatik.uni-jena.de/sirius-training/	Linux, Windows, Mac	Java	None	None	10.1093/bioinformatics/btn603	SIRIUS: Decomposing isotope patterns for metabolite identification	Motivation: High-resolution mass spectrometry (MS) is among the most widely used technologies in metabolomics. Metabolites participate in almost all cellular processes, but most metabolites still remain uncharacterized. Determination of the sum formula is a crucial step in the identification of an unknown metabolite, as it reduces its possible structures to a hopefully manageable set. Results: We present a method for determining the sum formula of a metabolite solely from its mass and the natural distribution of its isotopes. Our input is a measured isotope pattern from a high resolution mass spectrometer, and we want to find those molecules that best match this pattern. Our method is computationally efficient, and results on experimental data are very promising: for orthogonal time-of-flight mass spectrometry, we correctly identify sum formulas for >90% of the molecules, ranging in mass up to 1000 Da. © 2008 The Author(s).
XTandem	http://www.thegpm.org/TANDEM/	Matches tandem mass spectra with peptide sequences.		Command-line tool	Proteomics, Proteomics experiment	1874	http://www.thegpm.org/TANDEM/tandem_install_faq.html	Linux, Mac	C++	None	None	10.1093/bioinformatics/bth092	TANDEM: Matching proteins with tandem mass spectra	Summary: Tandem mass spectra obtained from fragmenting peptide ions contain some peptide sequence specific information, but often there is not enough information to sequence the original peptide completely. Several proprietary software applications have been developed to attempt to match the spectra with a list of protein sequences that may contain the sequence of the peptide. The application TANDEM was written to provide the proteomics research community with a set of components that can be used to test new methods and algorithms for performing this type of sequence-to-data matching. © Oxford University Press 2004; all rights reserved.
PIA - Protein Inference Algorithms	https://github.com/medbioinf/pia	The main focus lays on the integrated inference algorithms, concluding the proteins from a set of identified spectra. But it also allows you to integrate results of various search engines, inspect your peptide spectrum matches, calculate FDR values across different results and visualize the correspondence between PSMs, peptides and proteins.	1.4	Command-line tool, Library, Desktop application, Workflow	Proteomics, Proteomics experiment, Protein variants	53, 25	https://github.com/mpc-bioinformatics/pia/wiki	Linux, Windows, Mac	Java	Open access	BSD-3-Clause	10.1021/acs.jproteome.5b00121	PIA: An Intuitive Protein Inference Engine with a Web-Based User Interface	Protein inference connects the peptide spectrum matches (PSMs) obtained from database search engines back to proteins, which are typically at the heart of most proteomics studies. Different search engines yield different PSMs and thus different protein lists. Analysis of results from one or multiple search engines is often hampered by different data exchange formats and lack of convenient and intuitive user interfaces. We present PIA, a flexible software suite for combining PSMs from different search engine runs and turning these into consistent results. PIA can be integrated into proteomics data analysis workflows in several ways. A user-friendly graphical user interface can be run either locally or (e.g., for larger core facilities) from a central server. For automated data processing, stand-alone tools are available. PIA implements several established protein inference algorithms and can combine results from different search engines seamlessly. On several benchmark data sets, we show that PIA can identify a larger number of proteins at the same protein FDR when compared to that using inference based on a single search engine. PIA supports the majority of established search engines and data in the mzIdentML standard format. It is implemented in Java and freely available at https://github.com/mpc-bioinformatics/pia., 10.1021/acs.jproteome.8b00723, Protein Inference Using PIA Workflows and PSI Standard File Formats, Proteomics using LC-MS/MS has become one of the main methods to analyze the proteins in biological samples in high-throughput. But the existing mass-spectrometry instruments are still limited with respect to resolution and measurable mass ranges, which is one of the main reasons why shotgun proteomics is the major approach. Here proteins are digested, which leads to the identification and quantification of peptides instead. While often neglected, the important step of protein inference needs to be conducted to infer from the identified peptides to the actual proteins in the original sample. In this work, we highlight some of the previously published and newly added features of the tool PIA - Protein Inference Algorithms, which helps the user with the protein inference of measured samples. We also highlight the importance of the usage of PSI standard file formats, as PIA is the only current software supporting all available standards used for spectrum identification and protein inference. Additionally, we briefly describe the benefits of working with workflow environments for proteomics analyses and show the new features of the PIA nodes for the KNIME Analytics Platform. Finally, we benchmark PIA against a recently published data set for isoform detection. PIA is open source and available for download on GitHub (https://github.com/mpc-bioinformatics/pia) or directly via the community extensions inside the KNIME analytics platform.
SAINT	http://saint-apms.sourceforge.net/Main.html	Filter high confidence interactions from spectral count data in affinity purification–mass spectrometry.	3.6.1	Command-line tool	Interactions, Proteomics experiment	425		Linux, Mac	C	None	None	10.1038/nmeth.1541	SAINT: Probabilistic scoring of affinity purificationg-mass spectrometry data	We present 'significance analysis of interactome' (SAINT), a computational tool that assigns confidence scores to protein-protein interaction data generated using affinity purificationg-mass spectrometry (AP-MS). The method uses label-free quantitative data and constructs separate distributions for true and false interactions to derive the probability of a bona fide protein-protein interaction. We show that SAINT is applicable to data of different scales and protein connectivity and allows transparent analysis of AP-MS data. © 2011 Nature America, Inc. All rights reserved.
metaX	http://metax.genomics.cn/	An Automatic and Comprehensive Pipeline for Processing Untargeted Metabolomics Data.		Library	Metabolomics, Sequence analysis, Proteomics experiment	125	http://metax.genomics.cn/files/metaX_manual.pdf	Linux, Windows, Mac	R, Java	None	GPL-3.0	10.1186/s12859-017-1579-y	metaX: A flexible and comprehensive software for processing metabolomics data	© 2017 The Author(s).Background: Non-targeted metabolomics based on mass spectrometry enables high-throughput profiling of the metabolites in a biological sample. The large amount of data generated from mass spectrometry requires intensive computational processing for annotation of mass spectra and identification of metabolites. Computational analysis tools that are fully integrated with multiple functions and are easily operated by users who lack extensive knowledge in programing are needed in this research field. Results: We herein developed an R package, metaX, that is capable of end-to-end metabolomics data analysis through a set of interchangeable modules. Specifically, metaX provides several functions, such as peak picking and annotation, data quality assessment, missing value imputation, data normalization, univariate and multivariate statistics, power analysis and sample size estimation, receiver operating characteristic analysis, biomarker selection, pathway annotation, correlation network analysis, and metabolite identification. In addition, metaX offers a web-based interface ( http://metax.genomics.cn ) for data quality assessment and normalization method evaluation, and it generates an HTML-based report with a visualized interface. The metaX utilities were demonstrated with a published metabolomics dataset on a large scale. The software is available for operation as either a web-based graphical user interface (GUI) or in the form of command line functions. The package and the example reports are available at http://metax.genomics.cn/. Conclusions: The pipeline of metaX is platform-independent and is easy to use for analysis of metabolomics data generated from mass spectrometry.
Rdisop	http://bioconductor.org/packages/release/bioc/html/Rdisop.html	Identification of metabolites using high precision mass spectrometry. MS Peaks are used to derive a ranked list of sum formulae, alternatively for a given sum formula the theoretical isotope distribution can be calculated to search in MS peak lists.	1.34.0	Command-line tool, Library	Proteomics experiment	183	http://bioconductor.org/packages/release/bioc/html/Rdisop.html	Linux, Windows, Mac	R	None	GPL-2.0	10.1093/bioinformatics/btn603	SIRIUS: Decomposing isotope patterns for metabolite identification	Motivation: High-resolution mass spectrometry (MS) is among the most widely used technologies in metabolomics. Metabolites participate in almost all cellular processes, but most metabolites still remain uncharacterized. Determination of the sum formula is a crucial step in the identification of an unknown metabolite, as it reduces its possible structures to a hopefully manageable set. Results: We present a method for determining the sum formula of a metabolite solely from its mass and the natural distribution of its isotopes. Our input is a measured isotope pattern from a high resolution mass spectrometer, and we want to find those molecules that best match this pattern. Our method is computationally efficient, and results on experimental data are very promising: for orthogonal time-of-flight mass spectrometry, we correctly identify sum formulas for >90% of the molecules, ranging in mass up to 1000 Da. © 2008 The Author(s).
Prosit	https://www.proteomicsdb.org/prosit/	Proteome-wide prediction of peptide tandem mass spectra by deep learning.		Command-line tool, Web application	Proteomics, Proteomics experiment, Small molecules	129	https://www.proteomicsdb.org/prosit/faq/	Linux, Mac	Python	Open access	Apache-2.0	10.1038/s41592-019-0426-7	Prosit: proteome-wide prediction of peptide tandem mass spectra by deep learning	© 2019, The Author(s), under exclusive licence to Springer Nature America, Inc.In mass-spectrometry-based proteomics, the identification and quantification of peptides and proteins heavily rely on sequence database searching or spectral library matching. The lack of accurate predictive models for fragment ion intensities impairs the realization of the full potential of these approaches. Here, we extended the ProteomeTools synthetic peptide library to 550,000 tryptic peptides and 21 million high-quality tandem mass spectra. We trained a deep neural network, termed Prosit, resulting in chromatographic retention time and fragment ion intensity predictions that exceed the quality of the experimental data. Integrating Prosit into database search pipelines led to more identifications at >10× lower false discovery rates. We show the general applicability of Prosit by predicting spectra for proteases other than trypsin, generating spectral libraries for data-independent acquisition and improving the analysis of metaproteomes. Prosit is integrated into ProteomicsDB, allowing search result re-scoring and custom spectral library generation for any organism on the basis of peptide sequence alone.
DAPAR	http://bioconductor.org/packages/release/bioc/html/DAPAR.html	This package contains a collection of functions for the visualisation and the statistical analysis of proteomic data.	1.6.0	Command-line tool, Library	Proteomics	83	http://bioconductor.org/packages/release/bioc/html/DAPAR.html	Linux, Windows, Mac	R	None	Artistic-2.0	10.1111/gcb.13590	Chlorophyll fluorescence tracks seasonal variations of photosynthesis from leaf to canopy in a temperate forest	© 2016 John Wiley & Sons LtdAccurate estimation of terrestrial gross primary productivity (GPP) remains a challenge despite its importance in the global carbon cycle. Chlorophyll fluorescence (ChlF) has been recently adopted to understand photosynthesis and its response to the environment, particularly with remote sensing data. However, it remains unclear how ChlF and photosynthesis are linked at different spatial scales across the growing season. We examined seasonal relationships between ChlF and photosynthesis at the leaf, canopy, and ecosystem scales and explored how leaf-level ChlF was linked with canopy-scale solar-induced chlorophyll fluorescence (SIF) in a temperate deciduous forest at Harvard Forest, Massachusetts, USA. Our results show that ChlF captured the seasonal variations of photosynthesis with significant linear relationships between ChlF and photosynthesis across the growing season over different spatial scales (R2= 0.73, 0.77, and 0.86 at leaf, canopy, and satellite scales, respectively; P < 0.0001). We developed a model to estimate GPP from the tower-based measurement of SIF and leaf-level ChlF parameters. The estimation of GPP from this model agreed well with flux tower observations of GPP (R2= 0.68; P < 0.0001), demonstrating the potential of SIF for modeling GPP. At the leaf scale, we found that leaf Fq’/Fm’, the fraction of absorbed photons that are used for photochemistry for a light-adapted measurement from a pulse amplitude modulation fluorometer, was the best leaf fluorescence parameter to correlate with canopy SIF yield (SIF/APAR, R2= 0.79; P < 0.0001). We also found that canopy SIF and SIF-derived GPP (GPPSIF) were strongly correlated to leaf-level biochemistry and canopy structure, including chlorophyll content (R2= 0.65 for canopy GPPSIF and chlorophyll content; P < 0.0001), leaf area index (LAI) (R2= 0.35 for canopy GPPSIF and LAI; P < 0.0001), and normalized difference vegetation index (NDVI) (R2= 0.36 for canopy GPPSIF and NDVI; P < 0.0001). Our results suggest that ChlF can be a powerful tool to track photosynthetic rates at leaf, canopy, and ecosystem scales.
IPO	http://bioconductor.org/packages/release/bioc/html/IPO.html	The outcome of XCMS data processing strongly depends on the parameter settings. Isotopologue Parameter Optimization is a parameter optimization tool that is applicable for samples and liquid chromatography coupled to high resolution mass spectrometry devices, fast and free of labeling steps. It uses natural, stable 13C isotopes to calculate peak picking score. The different parameter settings are achieved by design of experiment. The resulting scores are evaluated using response surface models.	1.0.0	Command-line tool, Library	Proteomics experiment, Proteomics	157	http://bioconductor.org/packages/release/bioc/html/IPO.html	Linux, Windows, Mac	R	None	GPL-2.0	10.1186/s12859-015-0562-8	IPO: A tool for automated optimization of XCMS parameters	© Libiseller et al.; licensee BioMed Central.Background: Untargeted metabolomics generates a huge amount of data. Software packages for automated data processing are crucial to successfully process these data. A variety of such software packages exist, but the outcome of data processing strongly depends on algorithm parameter settings. If they are not carefully chosen, suboptimal parameter settings can easily lead to biased results. Therefore, parameter settings also require optimization. Several parameter optimization approaches have already been proposed, but a software package for parameter optimization which is free of intricate experimental labeling steps, fast and widely applicable is still missing. Results: We implemented the software package IPO ('Isotopologue Parameter Optimization') which is fast and free of labeling steps, and applicable to data from different kinds of samples and data from different methods of liquid chromatography - high resolution mass spectrometry and data from different instruments. Conclusions: IPO was successfully applied to data derived from liquid chromatography coupled to high resolution mass spectrometry from three studies with different sample types and different chromatographic methods and devices. We were also able to show the potential of IPO to increase the reliability of metabolomics data.
mzR	http://bioconductor.org/packages/release/bioc/html/mzR.html	Provides a unified API to the common file formats and parsers available for mass spectrometry data. It comes with a wrapper for the ISB random access parser for mass spectrometry mzXML, mzData and mzML files. The package contains the original code written by the ISB, and a subset of the proteowizard library for mzML and mzIdentML. The netCDF reading code has previously been used in XCMS.	2.8.0	Command-line tool, Library	Proteomics, Proteomics experiment, Data management	1016	http://bioconductor.org/packages/release/bioc/html/mzR.html	Linux, Windows, Mac	R, C++	None	Artistic-2.0	10.1093/bioinformatics/btn323	ProteoWizard: Open source software for rapid proteomics tools development	The ProteoWizard software project provides a modular and extensible set of open-source, cross-platform tools and libraries. The tools perform proteomics data analyses; the libraries enable rapid tool creation by providing a robust, pluggable development framework that simplifies and unifies data file access, and performs standard proteomics and LCMS dataset computations. The library contains readers and writers of the mzML data format, which has been written using modern C++ techniques and design principles and supports a variety of platforms with native compilers. The software has been specifically released under the Apache v2 license to ensure it can be used in both academic and commercial projects. In addition to the library, we also introduce a rapidly growing set of companion tools whose implementation helps to illustrate the simplicity of developing applications on top of the ProteoWizard library. © 2008 The Author(s).
Prostar	http://bioconductor.org/packages/release/bioc/html/Prostar.html	This package provides a GUI interface for DAPAR.	1.6.1	Command-line tool, Library	Proteomics	83	http://bioconductor.org/packages/release/bioc/html/Prostar.html	Linux, Windows, Mac	R	None	Artistic-2.0	10.1111/gcb.13590	Chlorophyll fluorescence tracks seasonal variations of photosynthesis from leaf to canopy in a temperate forest	© 2016 John Wiley & Sons LtdAccurate estimation of terrestrial gross primary productivity (GPP) remains a challenge despite its importance in the global carbon cycle. Chlorophyll fluorescence (ChlF) has been recently adopted to understand photosynthesis and its response to the environment, particularly with remote sensing data. However, it remains unclear how ChlF and photosynthesis are linked at different spatial scales across the growing season. We examined seasonal relationships between ChlF and photosynthesis at the leaf, canopy, and ecosystem scales and explored how leaf-level ChlF was linked with canopy-scale solar-induced chlorophyll fluorescence (SIF) in a temperate deciduous forest at Harvard Forest, Massachusetts, USA. Our results show that ChlF captured the seasonal variations of photosynthesis with significant linear relationships between ChlF and photosynthesis across the growing season over different spatial scales (R2= 0.73, 0.77, and 0.86 at leaf, canopy, and satellite scales, respectively; P < 0.0001). We developed a model to estimate GPP from the tower-based measurement of SIF and leaf-level ChlF parameters. The estimation of GPP from this model agreed well with flux tower observations of GPP (R2= 0.68; P < 0.0001), demonstrating the potential of SIF for modeling GPP. At the leaf scale, we found that leaf Fq’/Fm’, the fraction of absorbed photons that are used for photochemistry for a light-adapted measurement from a pulse amplitude modulation fluorometer, was the best leaf fluorescence parameter to correlate with canopy SIF yield (SIF/APAR, R2= 0.79; P < 0.0001). We also found that canopy SIF and SIF-derived GPP (GPPSIF) were strongly correlated to leaf-level biochemistry and canopy structure, including chlorophyll content (R2= 0.65 for canopy GPPSIF and chlorophyll content; P < 0.0001), leaf area index (LAI) (R2= 0.35 for canopy GPPSIF and LAI; P < 0.0001), and normalized difference vegetation index (NDVI) (R2= 0.36 for canopy GPPSIF and NDVI; P < 0.0001). Our results suggest that ChlF can be a powerful tool to track photosynthetic rates at leaf, canopy, and ecosystem scales.
synapter	http://bioconductor.org/packages/release/bioc/html/synapter.html	This package provides functionality to reanalyse label-free proteomics data acquired on a Synapt G2 mass spectrometer. One or several runs, possibly processed with additional ion mobility separation to increase identification accuracy can be combined to other quantitation files to maximise identification and quantitation accuracy.	1.16.0	Command-line tool, Library	Proteomics, Proteomics experiment	63	http://bioconductor.org/packages/release/bioc/html/synapter.html	Linux, Windows, Mac	R	None	GPL-2.0	10.1021/pr300775k	Effects of traveling wave ion mobility separation on data independent acquisition in proteomics studies	qTOF mass spectrometry and traveling wave ion mobility separation (TWIMS) hybrid instruments (q-TWIMS-TOF) have recently become commercially available. Ion mobility separation allows an additional dimension of precursor separation inside the instrument, without incurring an increase in instrument time. We comprehensively investigated the effects of TWIMS on data-independent acquisition on a Synapt G2 instrument. We observed that if fragmentation is performed post TWIMS, more accurate assignment of fragment ions to precursors is possible in data independent acquisition. This allows up to 60% higher proteome coverage and higher confidence of protein and peptide identifications. Moreover, the majority of peptides and proteins identified upon application of TWIMS span the lower intensity range of the proteome. It has also been demonstrated in several studies that employing IMS results in higher peak capacity of separation and consequently more accurate and precise quantitation of lower intensity precursor ions. We observe that employing TWIMS results in an attenuation of the detected ion current. We postulate that this effect is binary; sensitivity is reduced due to ion scattering during transfer into a high pressure "IMS zone", sensitivity is reduced due to the saturation of detector digitizer as a result of the IMS concentration effect. This latter effect limits the useful linear range of quantitation, compromising quantitation accuracy of high intensity peptides. We demonstrate that the signal loss from detector saturation and transmission loss can be deconvoluted by investigation of the peptide isotopic envelope. We discuss the origin and extent of signal loss and suggest methods to minimize these effects on q-TWIMS-TOF instrument in the light of different experimental designs and other IMS/MS platforms described previously. © 2013 American Chemical Society.
SuperHirn	http://tools.proteomecenter.org/wiki/index.php?title=Software:SuperHirn	The tool is a novel tool to quantitatively analyze multi dimensional LC-MS data in a label-free approach.	0.03	Command-line tool	Proteomics	264	http://tools.proteomecenter.org/wiki/index.php?title=Software:SuperHirn#Description	Linux, Windows	C++	None	None	10.1002/pmic.200700057	SuperHirn - A novel tool for high resolution LC-MS-based peptide/protein profiling	Label-free quantification of high mass resolution LC-MS data has emerged as a promising technology for proteome analysis. Computational methods are required for the accurate extraction of peptide signals from LC-MS data and the tracking of these features across the measurements of different samples. We present here an open source software tool, SuperHirn, that comprises a set of modules to process LC-MS data acquired on a high resolution mass spectrometer. The program includes newly developed functionalities to analyze LC-MS data such as feature extraction and quantification, LC-MS similarity analysis, LC-MS alignment of multiple datasets, and intensity normalization. These program routines extract profiles of measured features and comprise tools for clustering and classification analysis of the profiles. SuperHirn was applied in an MS1-based profiling approach to a benchmark LC-MS dataset of complex protein mixtures with defined concentration changes. We show that the program automatically detects profiling trends in an unsupervised manner and is able to associate proteins to their correct theoretical dilution profile. © 2007 Wiley-VCH Verlag GmbH & Co. KGaA.
PTMProphet	http://tools.proteomecenter.org/wiki/index.php?title=Software:TPP	Tool to model the confidence with which mass modifications are correctly localized for each peptide. PTMProphet considers all of the possible configurations for localization, and applies a statistical model to predict which modification sites are most probable based on the spectrum evidence.	5.0	Command-line tool	Proteomics	166	http://tools.proteomecenter.org/wiki/index.php?title=Software:TPP#Overview	Linux, Windows, Mac	C++, Perl	None	None	10.1002/prca.201400164	Trans-Proteomic Pipeline	a standardized data processing pipeline for large-scale reproducible proteomics informatics, © 2015 WILEY-VCH Verlag GmbH & Co. KGaA, Weinheim.Democratization of genomics technologies has enabled the rapid determination of genotypes. More recently the democratization of comprehensive proteomics technologies is enabling the determination of the cellular phenotype and the molecular events that define its dynamic state. Core proteomic technologies include MS to define protein sequence, protein:protein interactions, and protein PTMs. Key enabling technologies for proteomics are bioinformatic pipelines to identify, quantitate, and summarize these events. The Trans-Proteomics Pipeline (TPP) is a robust open-source standardized data processing pipeline for large-scale reproducible quantitative MS proteomics. It supports all major operating systems and instrument vendors via open data formats. Here, we provide a review of the overall proteomics workflow supported by the TPP, its major tools, and how it can be used in its various modes from desktop to cloud computing. We describe new features for the TPP, including data visualization functionality. We conclude by describing some common perils that affect the analysis of MS/MS datasets, as well as some major upcoming features.
pepXML2Excel	http://www.ms-utils.org/pepXML2Excel.html	Converts output from PeptideProphet to protein level information in Excel.		Command-line tool	Proteomics, Proteomics experiment, Statistics and probability	82	http://www.ms-utils.org/pepXML2Excel.html	Linux, Mac		None	GPL-3.0	10.1016/j.phytochem.2008.04.007	Hydroponic isotope labelling of entire plants (HILEP) for quantitative plant proteomics; an oxidative stress case study	Hydroponic isotope labelling of entire plants (HILEP) is a cost-effective method enabling metabolic labelling of whole and mature plants with a stable isotope such as 15N. By utilising hydroponic media that contain 15N inorganic salts as the sole nitrogen source, near to 100% 15N-labelling of proteins can be achieved. In this study, it is shown that HILEP, in combination with mass spectrometry, is suitable for relative protein quantitation of seven week-old Arabidopsis plants submitted to oxidative stress. Protein extracts from pooled 14N- and 15N-hydroponically grown plants were fractionated by SDS-PAGE, digested and analysed by liquid chromatography electrospray ionisation tandem mass spectrometry (LC-ESI-MS/MS). Proteins were identified and the spectra of 14N/15N peptide pairs were extracted using their m/z chromatographic retention time, isotopic distributions, and the m/z difference between the 14N and 15N peptides. Relative amounts were calculated as the ratio of the sum of the peak areas of the two distinct 14N and 15N peptide isotope envelopes. Using Mascot and the open source trans-proteomic pipeline (TPP), the data processing was automated for global proteome quantitation down to the isoform level by extracting isoform specific peptides. With this combination of metabolic labelling and mass spectrometry it was possible to show differential protein expression in the apoplast of plants submitted to oxidative stress. Moreover, it was possible to discriminate between differentially expressed isoforms belonging to the same protein family, such as isoforms of xylanases and pathogen-related glucanases (PR 2). © 2008 Elsevier Ltd. All rights reserved.
OpenMS	http://www.openms.de	Open source library and a collection of tools and interfaces for the analysis of mass spectrometry data. Includes over 200 standalone (TOPP) tools that can be combined to a workflow with the integrated workflow editor TOPPAS. Raw and intermediate mass spectrometry data can be visualised with the included viewer TOPPView.	2.0.0	Library, Workbench	Proteomics experiment, Proteomics, Metabolomics	246, 65	http://ftp.mi.fu-berlin.de/pub/OpenMS/release-documentation/html/index.html	Linux, Windows, Mac	C++	None	BSD-3-Clause	10.1038/nmeth.3959	OpenMS: A flexible open-source software platform for mass spectrometry data analysis	© 2016 Nature America, Inc. All rights reserved.High-resolution mass spectrometry (MS) has become an important tool in the life sciences, contributing to the diagnosis and understanding of human diseases, elucidating biomolecular structural information and characterizing cellular signaling networks. However, the rapid growth in the volume and complexity of MS data makes transparent, accurate and reproducible analysis difficult. We present OpenMS 2.0 (http://www.openms.de), a robust, open-source, cross-platform software specifically designed for the flexible and reproducible analysis of high-throughput MS data. The extensible OpenMS software implements common mass spectrometric data processing tasks through a well-defined application programming interface in C++ and Python and through standardized open data formats. OpenMS additionally provides a set of 185 tools and ready-made workflows for common mass spectrometric data processing tasks, which enable users to perform complex quantitative mass spectrometric analyses with ease., 10.1007/978-1-60761-987-1_23, OpenMS and TOPP: open source software for LC-MS data analysis., Proteomics experiments based on state-of-the-art mass spectrometry produce vast amounts of data, which cannot be analyzed manually. Hence, software is needed which is able to analyze the data in an automated fashion. The need for robust and reusable software tools triggered the development of libraries implementing different algorithms for the various analysis steps. OpenMS is such a software library and provides a wealth of data structures and algorithms for the analysis of mass spectrometric data. For users unfamiliar with programming, TOPP ("The OpenMS Proteomics Pipeline") offers a wide range of already implemented tools sharing the same interface and designed for a specific analysis task each. TOPP thus makes the sophisticated algorithms of OpenMS accessible to nonprogrammers. The individual TOPP tools can be strung together into pipelines for analyzing mass spectrometry-based experiments starting from the raw output of the mass spectrometer. These analysis pipelines can be constructed using a graphical editor. Even complex analytical workflows can thus be analyzed with ease.
NMRFAM-SPARKY	http://pine.nmrfam.wisc.edu/download_packages.html	Enhanced software for biomolecular NMR spectroscopy.		Command-line tool	NMR, Proteins, Proteomics experiment	670	http://www.nmrfam.wisc.edu/nmrfam-sparky-distribution.htm	Linux		None	None	10.1093/BIOINFORMATICS/BTU830	NMRFAM-SPARKY: Enhanced software for biomolecular NMR spectroscopy	© 2014 The Author.Summary: SPARKY (Goddard and Kneller, SPARKY 3) remains the most popular software program for NMR data analysis, despite the fact that development of the package by its originators ceased in 2001. We have taken over the development of this package and describe NMRFAM-SPARKY, which implements new functions reflecting advances in the biomolecular NMR field. NMRFAM-SPARKY has been repackaged with current versions of Python and Tcl/Tk, which support new tools for NMR peak simulation and graphical assignment determination. These tools, along with chemical shift predictions from the PACSY database, greatly accelerate protein side chain assignments. NMRFAM-SPARKY supports automated data format interconversion for interfacing with a variety of web servers including, PECAN, PINE, TALOS-N, CS-Rosetta, SHIFTX2 and PONDEROSA-C/S. Availability and implementation: The software package, along with binary and source codes, if desired, can be downloaded freely from http://pine.nmrfam.wisc.edu/download-packages.html. Instruction manuals and video tutorials can be found at http://www.nmrfam.wisc.edu/nmrfam-sparky-distribution.htm.
MSnbase	http://bioconductor.org/packages/release/bioc/html/MSnbase.html	Basic plotting, data manipulation and processing of MS-based Proteomics data.	2.0.1	Command-line tool, Library	Proteomics, Proteomics experiment, Data management, Data visualisation	129	http://bioconductor.org/packages/release/bioc/html/MSnbase.html	Linux, Windows, Mac	R	None	Artistic-2.0	10.1093/bioinformatics/btr645	Msnbase-an R/Bioconductor package for isobaric tagged mass spectrometry data visualization	processing and quantitation, MSnbase is an R/Bioconductor package for the analysis of quantitative proteomics experiments that use isobaric tagging. It provides an exploratory data analysis framework for reproducible research, allowing raw data import, quality control, visualization, data processing and quantitation. MSnbase allows direct integration of quantitative proteomics data with additional facilities for statistical analysis provided by the Bioconductor project. © The Author 2011. Published by Oxford University Press. All rights reserved.
MassSpecWavelet	http://bioconductor.org/packages/release/bioc/html/MassSpecWavelet.html	Processing Mass Spectrometry spectrum by using wavelet based algorithm.	1.40.0	Command-line tool, Library	Proteomics experiment, Proteomics, Small molecules	462	http://bioconductor.org/packages/release/bioc/html/MassSpecWavelet.html	Linux, Windows, Mac	R	None	GPL-2.0	10.1093/bioinformatics/btl355	Improved peak detection in mass spectrum by incorporating continuous wavelet transform-based pattern matching	Motivation: A major problem for current peak detection algorithms is that noise in mass spectrometry (MS) spectra gives rise to a high rate of false positives. The false positive rate is especially problematic in detecting peaks with low amplitudes. Usually, various baseline correction algorithms and smoothing methods are applied before attempting peak detection. This approach is very sensitive to the amount of smoothing and aggressiveness of the baseline correction, which contribute to making peak detection results inconsistent between runs, instrumentation and analysis methods. Results: Most peak detection algorithms simply identify peaks based on amplitude, ignoring the additional information present in the shape of the peaks in a spectrum. In our experience, 'true' peaks have characteristic shapes, and providing a shape-matching function that provides a 'goodness of fit' coefficient should provide a more robust peak identification method. Based on these observations, a continuous wavelet transform (CWT)-based peak detection algorithm has been devised that identifies peaks with different scales and amplitudes. By transforming the spectrum into wavelet space, the pattern-matching problem is simplified and in addition provides a powerful technique for identifying and separating the signal from the spike noise and colored noise. This transformation, with the additional information provided by the 2D CWT coefficients can greatly enhance the effective signal-to-noise ratio. Furthermore, with this technique no baseline removal or peak smoothing preprocessing steps are required before peak detection, and this improves the robustness of peak detection under a variety of conditions. The algorithm was evaluated with SELDI-TOF spectra with known polypeptide positions. Comparisons with two other popular algorithms were performed. The results show the CWT-based algorithm can identify both strong and weak peaks while keeping false positive rate low. © 2006 Oxford University Press.
localCIDER	https://github.com/Pappulab/localCIDER	Enables rapid and high-throughput analyses of a wide range of physico-chemical properties encoded by intrinsically disordered protein and region sequences.		Command-line tool	Proteomics, Protein folding, stability and design, Protein sites, features and motifs	116	http://pappulab.github.io/localCIDER/	Linux, Windows, Mac	Python	None	GPL-2.0	10.1016/j.bpj.2016.11.3200	CIDER: Resources to Analyze Sequence-Ensemble Relationships of Intrinsically Disordered Proteins	© 2017 Biophysical SocietyIntrinsically disordered proteins and regions (IDPs) represent a large class of proteins that are defined by conformational heterogeneity and lack of persistent tertiary/secondary structure. IDPs play important roles in a range of biological functions, and their dysregulation is central to numerous diseases, including neurodegeneration and cancer. The conformational ensembles of IDPs are encoded by their amino acid sequences. Here, we present two computational tools that are designed to enable rapid and high-throughput analyses of a wide range of physicochemical properties encoded by IDP sequences. The first, CIDER, is a user-friendly webserver that enables rapid analysis of IDP sequences. The second, localCIDER, is a high-performance software package that enables a wide range of analyses relevant to IDP sequences. In addition to introducing the two packages, we demonstrate the utility of these resources using examples where sequence analysis offers biophysical insights.
libmgf	http://kirchnerlab.github.io/libmgf/	A flex/bison-based Mascot Generic Format (MGF) parser library.		Command-line tool	Proteomics, Proteomics experiment, Bioinformatics	8, 59	http://kirchnerlab.github.io/libmgf/doc/html/index.html	Linux, Windows, Mac	C++	None	MIT	10.1021/pr100118f	MGFp: An open mascot generic format parser library implementation	Despite the efforts of the mass spectrometry (MS) community to migrate data representation toward modern file formats, legacy text formats still play an important role in MS data processing workflows. We provide a formal grammar and a portable, efficient C++ implementation for a Mascot Generic Format (MGF) parser. Software and technical documentation are available from http://software.steenlab.org/mgfp/. © 2010 American Chemical Society., 10.1002/pmic.200900326, When less can yield more - Computational preprocessing of MS/MS spectra for peptide identification, The effectiveness of database search algorithms, such as Mascot, Sequest and ProteinPilot is limited by the quality of the input spectra: spurious peaks in MS/MS spectra can jeopardize the correct identification of peptides or reduce their score significantly. Consequently, an efficient preprocessing of MS/MS spectra can increase the sensitivity of peptide identification at reduced file sizes and run time without compromising its specificity. We investigate the performance of 25 MS/MS preprocessing methods on various data sets and make software for improved preprocessing of mgf/dta-files freely available from http://hci.iwr.uni-heidelberg. de/mip/proteomics or http://www. childrenshospital.org/research/steenlab. © 2009 Wiley-VCH Verlag GmbH & Co. KGaA.
Isotope calculator	http://www.kombyonyx.com/isotopes/	Console application for calculating isotope distributions based on Yergey's method.		Command-line tool	Proteomics, Proteomics experiment, Small molecules, Statistics and probability	197	http://download.kombyonyx.com/IsotopesDocumentation.pdf	Windows		None	None	10.1016/0020-7381(83)85053-0	A general approach to calculating isotopic distributions for mass spectrometry	Fundamental principles for obtaining mass spectral isotopic distributions are applied to a general computer program which can be used to calculate and present in tabular and graphic form the isotopic contributions for any molecular formula. A unique feature is the retention of the isotopic distribution, exact mass, and absolute abundance for all individual peaks at each mass. Special considerations have been made for the large number of isotopic combinations which occur for many higher mass compounds. The computer program accepts the input of a molecular formula followed by interactive input of a number of parameters which affect the final presentation of the theoretical distribution profile. © 1983.
idconvert	http://proteowizard.sourceforge.net/tools/idconvert.html	A converter between pepXML and mzIdentML formats for peptide identifications from tandem mass spectrometry. Developed by the ProteoWizard team.	1	Command-line tool	Proteomics, Proteomics experiment	1251	http://proteowizard.sourceforge.net/tools.shtml	Linux, Windows, Mac		None	Apache-2.0	10.1038/nbt.2377	A cross-platform toolkit for mass spectrometry and proteomics	
CPM	http://www.cs.toronto.edu/%7ejenn/CPM/	A Continuous Profile Models Matlab toolbox for alignment and normalization of time series data		Command-line tool	Proteomics experiment, Data management, Computational biology, Bioinformatics	68	http://www.cs.toronto.edu/~jenn/CPM/README.txt	Linux	MATLAB	None	None	10.1093/bioinformatics/btl326	Difference detection in LC-MS data for protein biomarker discovery	Motivation: There is a pressing need for improved proteomic screening methods allowing for earlier diagnosis of disease, systematic monitoring of physiological responses and the uncovering of fundamental mechanisms of drug action. The combined platform of LC-MS (Liquid-Chromatography-Mass-Spectrometry) has shown promise in moving toward a solution in these areas. In this paper we present atechnique for discovering differences in protein signal between two classes of samples of LC-MS serum proteomic data without use of tandem mass spectrometry, gels or labeling. This method works on data from a lower-precision MS instrument, the type routinely used by and available to the community at large today. We test our technique on a controlled (spike-in) but realistic (serum biomarker discovery) experiment which is therefore verifiable. We also develop a new method for helping to assess the difficulty of a given spike-in problem. Lastly, we show that the problem of class prediction, sometimes mistaken as a solution to biomarker discovery, is actually a much simpler problem. Results: Using precision - recall curves with experimentally extracted ground truth, we show that (1) our technique has good performance using seven replicates from each class, (2) performance degrades with decreasing number of replicates, (3) the signal that we are teasing out is not trivially available (i.e. the differences are not so large that the task is easy). Lastly, we easily obtain perfect classification results for data in which the problem of extracting differences does not produce absolutely perfect results. This emphasizes the different nature of the two problems and also their relative difficulties. © 2007 Oxford University Press.
Compomics-utilities	http://compomics.github.io/projects/compomics-utilities.html	Open-source java library for computational proteomics.	4.3.18	Library	Proteomics, Proteins	72	http://compomics.github.io/projects/compomics-utilities.html	Linux, Windows, Mac	Java	None	None	10.1186/1471-2105-12-70	Compomics-utilities: An open-source Java library for computational proteomics	Background: The growing interest in the field of proteomics has increased the demand for software tools and applications that process and analyze the resulting data. And even though the purpose of these tools can vary significantly, they usually share a basic set of features, including the handling of protein and peptide sequences, the visualization of (and interaction with) spectra and chromatograms, and the parsing of results from various proteomics search engines. Developers typically spend considerable time and effort implementing these support structures, which detracts from working on the novel aspects of their tool.Results: In order to simplify the development of proteomics tools, we have implemented an open-source support library for computational proteomics, called compomics-utilities. The library contains a broad set of features required for reading, parsing, and analyzing proteomics data. compomics-utilities is already used by a long list of existing software, ensuring library stability and continued support and development.Conclusions: As a user-friendly, well-documented and open-source library, compomics-utilities greatly simplifies the implementation of the basic features needed in most proteomics tools. Implemented in 100% Java, compomics-utilities is fully portable across platforms and architectures. Our library thus allows the developers to focus on the novel aspects of their tools, rather than on the basic functions, which can contribute substantially to faster development, and better tools for proteomics. © 2011 Barsnes et al; licensee BioMed Central Ltd.
PSORTb	http://www.psort.org/psortb/	It is a high-precision localization prediction method for bacterial proteins. It has remained the most precise bacterial protein subcellular localization (SCL) predictor.  PSORTb version improved recall, higher proteome-scale prediction coverage, and new refined localization subcategories. It is the first SCL predictor specifically geared for all prokaryotes, including archaea and bacteria with atypical membrane/cell wall topologies.	3.0.3	Command-line tool	Sequences, Proteins, Plant	1259	http://www.psort.org/documentation/index.html	Linux, Mac	Perl	None	None	10.1093/bioinformatics/btq249	PSORTb 3.0: Improved protein subcellular localization prediction with refined localization subcategories and predictive capabilities for all prokaryotes	Motivation: PSORTb has remained the most precise bacterial protein subcellular localization (SCL) predictor since it was first made available in 2003. However, the recall needs to be improved and no accurate SCL predictors yet make predictions for archaea, nor differentiate important localization subcategories, such as proteins targeted to a host cell or bacterial hyperstructures/organelles. Such improvements should preferably be encompassed in a freely available web-based predictor that can also be used as a standalone program. Results: We developed PSORTb version 3.0 with improved recall, higher proteome-scale prediction coverage, and new refined localization subcategories. It is the first SCL predictor specifically geared for all prokaryotes, including archaea and bacteria with atypical membrane/cell wall topologies. It features an improved standalone program, with a new batch results delivery system complementing its web interface. We evaluated the most accurate SCL predictors using 5-fold cross validation plus we performed an independent proteomics analysis, showing that PSORTb 3.0 is the most accurate but can benefit from being complemented by Proteome Analyst predictions. Availability: http://www.psort.org/psortb (download open source software or use the web interface). Contact: psort-mail@sfu.ca. Supplementary Information: Supplementary data are availableat Bioinformatics online. © The Author(s) 2010. Published by Oxford University Press.
