Category	Name	Homepage	First release	Latest known release	Preservation or archival of data and software	Version control (maintenance)	Licensing and legal – for use and distribution	Community engagement	Workflow management systems	Standardized input and output formats	Assessment against benchmarks or known standards	Containerization and dependency management	"Manuals, documentation, logging, and reporting"	Scalability and parallelization	Citation	Rating
Cross-Linking and Structural Proteomics	apComplex	http://bioconductor.org/packages/release/bioc/html/apComplex.html	2005	2024	Not archived or hosted in unreliable locations.	"Comprehensive version control with regular updates, clear changelogs, and active maintenance."	Fully open-source and the code is available	"Minimal engagement, limited to one platform (e.g., GitHub issues or a single forum)."	No evidence of community engagement or support.	Input/output formats are unknown or non-standard.	Tested only at the time of initial tool publication.	Not containerized or dependency management is manual.	Sufficient documentation but lacks a manual or comprehensive logging/reporting.	The tool has unknown or no built-in scalability or parallelization capabilities. It struggles to handle large datasets efficiently and cannot leverage cloud or HPC resources.	"Scholtens, D., Vidal, M., & Gentleman, R. (2005). Local modeling of global interactome networks. Bioinformatics, 21(17), 3548-3557. https://doi.org/10.1093/bioinformatics/bti567"	1
Data Processing and Analysis	AUTOHD	http://www.ms-utils.org/autohd.html	2001	Unknown	Not archived or hosted in unreliable locations.	"No version control, tool is deprecated or unreliable."	"Open source but with restrictions (e.g., limited commercial use or missing code access)."	No evidence of community engagement or support.	Cannot integrate into workflow management systems.	Input/output formats are unknown or non-standard.	No benchmarking or testing reported.	Not containerized or dependency management is manual.	"Lacks a manual; minimal or unclear documentation, logging, or reporting."	The tool has unknown or no built-in scalability or parallelization capabilities. It struggles to handle large datasets efficiently and cannot leverage cloud or HPC resources.	"Palmblad, M., Buijs, J., & Håkansson, P. (2001). Automatic analysis of hydrogen/deuterium exchange mass spectra of peptides and proteins using calculations of isotopic distributions. J. Am. Soc. Mass Spectrom., 12(11), 1153-1162. https://doi.org/10.1016/S1044-0305(01)00301-4"	1
Visualization and Imaging	CODA	https://github.com/ashleylk/CODA	2022	2024	Archived data or tool in a trusted repository.	"Minimal or inconsistent version control, tool still functional but not actively maintained."	"Fully open-source with a permissive license (e.g., MIT, Apache), code publicly available."	"Minimal engagement, limited to one platform (e.g., GitHub issues or a single forum)."	Cannot integrate into workflow management systems.	Input/output formats are unknown or non-standard.	No benchmarking or testing reported.	Not containerized or dependency management is manual.	"Lacks a manual; minimal or unclear documentation, logging, or reporting."	The tool has unknown or no built-in scalability or parallelization capabilities. It struggles to handle large datasets efficiently and cannot leverage cloud or HPC resources.	"Kiemen, A. L., Braxton, A. M., Grahn, M. P., Han, K. S., Babu, J. M., Reichel, R., Jiang, A. C., Kim, B., Hsu, J., Amoa, F., Reddy, S., Hong, S. M., Cornish, T. C., Thompson, E. D., Huang, P., Wood, L. D., Hruban, R. H., Wirtz, D., & Wu, P. H. (2022). CODA: Quantitative 3D reconstruction of large tissues at cellular resolution. Nat. Methods, 19(11), 1490-1499. https://doi.org/10.1038/s41592-022-01650-9"	1
Spectral Processing and Alignment	CPM	http://www.cs.toronto.edu/%7ejenn/CPM/	2006	2006	Not archived or hosted in unreliable locations.	"No version control, tool is deprecated or unreliable."	"Open source but with restrictions (e.g., limited commercial use or missing code access)."	No evidence of community engagement or support.	Cannot integrate into workflow management systems.	Input/output formats are unknown or non-standard.	No benchmarking or testing reported.	Not containerized or dependency management is manual.	"Lacks a manual; minimal or unclear documentation, logging, or reporting."	The tool has unknown or no built-in scalability or parallelization capabilities. It struggles to handle large datasets efficiently and cannot leverage cloud or HPC resources.	"Listgarten, J., Neal, R. M., Roweis, S. T., Wong, P., & Emili, A. (2007). Difference detection in LC-MS data for protein biomarker discovery. Bioinformatics, 23(2), e198-e204. https://doi.org/10.1093/bioinformatics/btl326"	1
Niche and Miscellaneous Tools	HDXfit	https://www.mathworks.com/matlabcentral/fileexchange/69415-hdxfit	2018	2019	Not archived or hosted in unreliable locations.	"Minimal or inconsistent version control, tool still functional but not actively maintained."	"Open source but with restrictions (e.g., limited commercial use or missing code access)."	"Minimal engagement, limited to one platform (e.g., GitHub issues or a single forum)."	Cannot integrate into workflow management systems.	Input/output formats are unknown or non-standard.	No benchmarking or testing reported.	Not containerized or dependency management is manual.	"Lacks a manual; minimal or unclear documentation, logging, or reporting."	The tool has unknown or no built-in scalability or parallelization capabilities. It struggles to handle large datasets efficiently and cannot leverage cloud or HPC resources.	"Babi?, D., Kazazi?, S., & Smith, D. M. (2019). Resolution of protein hydrogen/deuterium exchange by fitting amide exchange probabilities to the peptide isotopic envelopes. Rapid Communications in Mass Spectrometry, 33(15), 1248–1257. https://doi.org/10.1002/rcm.8460"	1
Niche and Miscellaneous Tools	Isotope calculator	http://www.kombyonyx.com/isotopes/	Unknown	Unknown	Not archived or hosted in unreliable locations.	"No version control, tool is deprecated or unreliable."	"Open source but with restrictions (e.g., limited commercial use or missing code access)."	No evidence of community engagement or support.	Cannot integrate into workflow management systems.	Input/output formats are unknown or non-standard.	No benchmarking or testing reported.	Not containerized or dependency management is manual.	"Lacks a manual; minimal or unclear documentation, logging, or reporting."	The tool has unknown or no built-in scalability or parallelization capabilities. It struggles to handle large datasets efficiently and cannot leverage cloud or HPC resources.	"Yergey, J. A. (1983). A general approach to calculating isotopic distributions for mass spectrometry. Int. J. Mass Spectrom. Ion Phys., 52(3-Feb), 337-349. https://doi.org/10.1016/0020-7381(83)85053-0"	1
Protein and Peptide Identification	MSPLIT	http://proteomics.ucsd.edu/software-tools/msplit/	2010	Unknown	Not archived or hosted in unreliable locations.	"No version control, tool is deprecated or unreliable."	"Open source but with restrictions (e.g., limited commercial use or missing code access)."	No evidence of community engagement or support.	Cannot integrate into workflow management systems.	Input/output formats are unknown or non-standard.	No benchmarking or testing reported.	Not containerized or dependency management is manual.	"Lacks a manual; minimal or unclear documentation, logging, or reporting."	The tool has unknown or no built-in scalability or parallelization capabilities. It struggles to handle large datasets efficiently and cannot leverage cloud or HPC resources.	"Wang, J., Pérez-Santiago, J., Katz, J. E., Mallick, P., & Bandeira, N. (2010). Peptide identification from mixture tandem mass spectra. Mol. Cell. Proteomics, 9(7), 1476-1485. https://doi.org/10.1074/mcp.M000136-MCP201"	1
Quantitative Proteomics	muxQuant	http://www.ms-utils.org/muxQuant	2008	Unknown	Not archived or hosted in unreliable locations.	"No version control, tool is deprecated or unreliable."	"Open source but with restrictions (e.g., limited commercial use or missing code access)."	No evidence of community engagement or support.	Cannot integrate into workflow management systems.	Input/output formats are unknown or non-standard.	No benchmarking or testing reported.	Not containerized or dependency management is manual.	"Lacks a manual; minimal or unclear documentation, logging, or reporting."	The tool has unknown or no built-in scalability or parallelization capabilities. It struggles to handle large datasets efficiently and cannot leverage cloud or HPC resources.	"Palmblad, M., Mills, D. J., & Bindschedler, L. V. (2008). Heat-shock response in Arabidopsis thaliana explored by multiplexed quantitative proteomics using differential metabolic labeling. J. Proteome Res., 7(2), 780-785. https://doi.org/10.1021/pr0705340"	1
Spectral Processing and Alignment	OBI-Warp	http://obi-warp.sourceforge.net	2006	2010	Archived data or tool in a trusted repository.	"Minimal or inconsistent version control, tool still functional but not actively maintained."	"Open source but with restrictions (e.g., limited commercial use or missing code access)."	"Minimal engagement, limited to one platform (e.g., GitHub issues or a single forum)."	Cannot integrate into workflow management systems.	Input/output formats are unknown or non-standard.	No benchmarking or testing reported.	Not containerized or dependency management is manual.	"Lacks a manual; minimal or unclear documentation, logging, or reporting."	The tool has unknown or no built-in scalability or parallelization capabilities. It struggles to handle large datasets efficiently and cannot leverage cloud or HPC resources.	"Prince, J. T., & Marcotte, E. M. (2006). Chromatographic alignment of ESI-LC-MS proteomics data sets by ordered bijective interpolated warping. Anal. Chem., 78(17), 6140-6152. https://doi.org/10.1021/ac0605344"	1
Post-Translational Modifications (PTMs)	PTMProphet	http://tools.proteomecenter.org/wiki/index.php?title=Software:TPP	2015	Unknown	Not archived or hosted in unreliable locations.	"No version control, tool is deprecated or unreliable."	"Open source but with restrictions (e.g., limited commercial use or missing code access)."	No evidence of community engagement or support.	Cannot integrate into workflow management systems.	Formats are non-standard but can be converted with effort.	Tested only at the time of initial tool publication.	Not containerized or dependency management is manual.	"Lacks a manual; minimal or unclear documentation, logging, or reporting."	The tool has unknown or no built-in scalability or parallelization capabilities. It struggles to handle large datasets efficiently and cannot leverage cloud or HPC resources.	"Deutsch, E. W., Mendoza, L., Shteynberg, D., Slagel, J., Sun, Z., & Moritz, R. L. (2015). Trans-Proteomic Pipeline, a standardized data processing pipeline for large-scale reproducible proteomics informatics. Proteomics Clin. Appl., 9(8), 745-754. https://doi.org/10.1002/prca.201400164"	1
Quantitative Proteomics	Quant	http://sourceforge.net/projects/protms	2007	2016	Not archived or hosted in unreliable locations.	"No version control, tool is deprecated or unreliable."	"Fully open-source with a permissive license (e.g., MIT, Apache), code publicly available."	No evidence of community engagement or support.	Cannot integrate into workflow management systems.	"Uses standardized formats directly, ensuring seamless interoperability with other tools."	No benchmarking or testing reported.	Not containerized or dependency management is manual.	"Lacks a manual; minimal or unclear documentation, logging, or reporting."	The tool has unknown or no built-in scalability or parallelization capabilities. It struggles to handle large datasets efficiently and cannot leverage cloud or HPC resources.	"Boehm, A. M., Pütz, S., Altenhöfer, D., Sickmann, A., & Falk, M. (2007). Precise protein quantification based on peptide quantification using iTRAQ. BMC Bioinformatics, 8(1), 214. https://doi.org/10.1186/1471-2105-8-214"	1
Niche and Miscellaneous Tools	RAAMS	http://informatics.mayo.edu/svn/trunk/mprc/raams/index.html	2008	Unknown	Not archived or hosted in unreliable locations.	"No version control, tool is deprecated or unreliable."	"Proprietary or restricted access, requires payment or a limited free trial."	No evidence of community engagement or support.	Cannot integrate into workflow management systems.	Input/output formats are unknown or non-standard.	No benchmarking or testing reported.	Not containerized or dependency management is manual.	"Lacks a manual; minimal or unclear documentation, logging, or reporting."	The tool has unknown or no built-in scalability or parallelization capabilities. It struggles to handle large datasets efficiently and cannot leverage cloud or HPC resources.	"Mason, C. J., Therneau, T. M., Eckel-Passow, J. E., Johnson, K. L., Oberg, A. L., Olson, J. E., Nair, K. S., Muddiman, D. C., & Bergen, H. R. (2007). A method for automatically interpreting mass spectra of 18O-labeled isotopic clusters. Mol. Cell. Proteomics, 6(2), 305-318. https://doi.org/10.1074/mcp.M600148-MCP201"	1
Quantitative Proteomics	SAINT	http://saint-apms.sourceforge.net/Main.html	2011	2017	Archived data or tool in a trusted repository.	"Minimal or inconsistent version control, tool still functional but not actively maintained."	"Fully open-source with a permissive license (e.g., MIT, Apache), code publicly available."	"Minimal engagement, limited to one platform (e.g., GitHub issues or a single forum)."	Cannot integrate into workflow management systems.	Formats are non-standard but can be converted with effort.	Tested only at the time of initial tool publication.	Not containerized or dependency management is manual.	"Lacks a manual; minimal or unclear documentation, logging, or reporting."	The tool has unknown or no built-in scalability or parallelization capabilities. It struggles to handle large datasets efficiently and cannot leverage cloud or HPC resources.	"Choi, H., Larsen, B., Lin, Z. Y., Breitkreutz, A., Mellacheruvu, D., Fermin, D., Qin, Z. S., Tyers, M., Gingras, A. C., & Nesvizhskii, A. I. (2011). SAINT: probabilistic scoring of affinity purification-mass spectrometry data. Nat. Methods, 8(1), 70-73. https://doi.org/10.1038/nmeth.1541"	1
Cross-Linking and Structural Proteomics	XLink	http://tools.proteomecenter.org/XLink.php	2006	Unknown	Not archived or hosted in unreliable locations.	"No version control, tool is deprecated or unreliable."	"Proprietary or restricted access, requires payment or a limited free trial."	No evidence of community engagement or support.	Cannot integrate into workflow management systems.	"Uses standardized formats directly, ensuring seamless interoperability with other tools."	No benchmarking or testing reported.	Not containerized or dependency management is manual.	"Lacks a manual; minimal or unclear documentation, logging, or reporting."	The tool has unknown or no built-in scalability or parallelization capabilities. It struggles to handle large datasets efficiently and cannot leverage cloud or HPC resources.	"Seebacher, J., Mallick, P., Zhang, N., Eddes, J. S., Aebersold, R., & Gelb, M. H. (2006). Protein cross-linking analysis using mass spectrometry, isotope-coded cross-linkers, and integrated computational data processing. J. Proteome Res., 5(9), 2270-2282. https://doi.org/10.1021/pr060154z"	1
Machine Learning and Prediction	AlphaPeptDeep	https://github.com/MannLabs/alphapeptdeep	2022	2024	"Both tool and data are archived in trusted, well-maintained repositories (e.g., Zenodo, ProteomeXchange)."	"Comprehensive version control with regular updates, clear changelogs, and active maintenance."	Fully open-source and the code is available	"Active engagement across multiple platforms (e.g., GitHub, forums, Q&A sites) with regular interactions."	"Usable as part of a pipeline in workflow systems (e.g., Snakemake, Galaxy)."	"Uses standardized formats directly, ensuring seamless interoperability with other tools."	Regular benchmarking and validation against widely accepted datasets with updates.	Not containerized or dependency management is manual.	"Detailed manual, thorough and clear documentation, and complete logging/reporting."	"The tool is designed for high scalability and parallelization, capable of efficiently processing very large datasets. It supports distributed computing, cloud platforms, and HPC environments, with optimization for resource allocation and task distribution."	"Zeng, W. F., Zhou, X. X., Willems, S., Ammar, C., Wahle, M., Bludau, I., Voytik, E., Strauss, M. T., & Mann, M. (2022). AlphaPeptDeep: a modular deep learning framework to predict peptide properties for proteomics. Nat. Commun., 13(1), 7238. https://doi.org/10.1038/s41467-022-34904-3"	2
Cross-Linking and Structural Proteomics	CONAN	https://github.com/HITS-MBM/conan	2018	2018	Archived data or tool in a trusted repository.	"Minimal or inconsistent version control, tool still functional but not actively maintained."	"Open source but with restrictions (e.g., limited commercial use or missing code access)."	"Minimal engagement, limited to one platform (e.g., GitHub issues or a single forum)."	Cannot integrate into workflow management systems.	Input/output formats are unknown or non-standard.	Tested only at the time of initial tool publication.	Not containerized or dependency management is manual.	Sufficient documentation but lacks a manual or comprehensive logging/reporting.	The tool has unknown or no built-in scalability or parallelization capabilities. It struggles to handle large datasets efficiently and cannot leverage cloud or HPC resources.	"Mercadante, D., Gräter, F., & Daday, C. (2018). CONAN: A tool to decode dynamical information from molecular interaction maps. Biophys. J., 114(6), 1267-1273. https://doi.org/10.1016/j.bpj.2018.01.033"	2
Spectral Processing and Alignment	DeconMSn	http://omics.pnl.gov/software/DeconMSn.php	2008	2017	Archived data or tool in a trusted repository.	"Minimal or inconsistent version control, tool still functional but not actively maintained."	"Fully open-source with a permissive license (e.g., MIT, Apache), code publicly available."	"Active engagement across multiple platforms (e.g., GitHub, forums, Q&A sites) with regular interactions."	"Usable as part of a pipeline in workflow systems (e.g., Snakemake, Galaxy)."	"Uses standardized formats directly, ensuring seamless interoperability with other tools."	Tested only at the time of initial tool publication.	Not containerized or dependency management is manual.	Sufficient documentation but lacks a manual or comprehensive logging/reporting.	The tool has unknown or no built-in scalability or parallelization capabilities. It struggles to handle large datasets efficiently and cannot leverage cloud or HPC resources.	"Mayampurath, A. M., Jaitly, N., Purvine, S. O., Monroe, M. E., Auberry, K. J., Adkins, J. N., & Smith, R. D. (2008). DeconMSn: a software tool for accurate parent ion monoisotopic mass determination for tandem mass spectra. Bioinformatics, 24(7), 1021-1023. https://doi.org/10.1093/bioinformatics/btn063"	2
Spectral Processing and Alignment	DeconTools	http://omics.pnl.gov/software/DeconTools.php	2008	2023	Archived data or tool in a trusted repository.	"Comprehensive version control with regular updates, clear changelogs, and active maintenance."	"Fully open-source with a permissive license (e.g., MIT, Apache), code publicly available."	"Active engagement across multiple platforms (e.g., GitHub, forums, Q&A sites) with regular interactions."	"Usable as part of a pipeline in workflow systems (e.g., Snakemake, Galaxy)."	"Uses standardized formats directly, ensuring seamless interoperability with other tools."	Tested only at the time of initial tool publication.	Not containerized or dependency management is manual.	Sufficient documentation but lacks a manual or comprehensive logging/reporting.	The tool has unknown or no built-in scalability or parallelization capabilities. It struggles to handle large datasets efficiently and cannot leverage cloud or HPC resources.	"Horn, D. M., Zubarev, R. A., & McLafferty, F. W. (2000). Automated reduction and interpretation of tandem mass spectra. J. Am. Soc. Mass Spectrom., 11(4), 320-332. https://doi.org/10.1016/s1044-0305(99)00157-9"	2
Visualization and Imaging	DeepSTORM3D	https://github.com/EliasNehme/DeepSTORM3D	2020	2024	Archived data or tool in a trusted repository.	"Comprehensive version control with regular updates, clear changelogs, and active maintenance."	"Fully open-source with a permissive license (e.g., MIT, Apache), code publicly available."	"Minimal engagement, limited to one platform (e.g., GitHub issues or a single forum)."	"Usable as part of a pipeline in workflow systems (e.g., Snakemake, Galaxy)."	"Uses standardized formats directly, ensuring seamless interoperability with other tools."	Tested only at the time of initial tool publication.	Not containerized or dependency management is manual.	Sufficient documentation but lacks a manual or comprehensive logging/reporting.	The tool has unknown or no built-in scalability or parallelization capabilities. It struggles to handle large datasets efficiently and cannot leverage cloud or HPC resources.	"Nehme, E., Freedman, D., Gordon, R., Ferdman, B., Weiss, L. E., Alalouf, O., Naor, T., Orange, R., Michaeli, T., & Shechtman, Y. (2020). DeepSTORM3D: Dense 3D localization microscopy and PSF design by deep learning. Nat. Methods, 17(7), 734-740. https://doi.org/10.1038/s41592-020-0853-5"	2
Data Processing and Analysis	DEP	http://bioconductor.org/packages/release/bioc/html/DEP.html	2018	2024	"Both tool and data are archived in trusted, well-maintained repositories (e.g., Zenodo, ProteomeXchange)."	"Comprehensive version control with regular updates, clear changelogs, and active maintenance."	"Fully open-source with a permissive license (e.g., MIT, Apache), code publicly available."	"Minimal engagement, limited to one platform (e.g., GitHub issues or a single forum)."	"Usable as part of a pipeline in workflow systems (e.g., Snakemake, Galaxy)."	"Uses standardized formats directly, ensuring seamless interoperability with other tools."	Tested only at the time of initial tool publication.	Not containerized or dependency management is manual.	"Detailed manual, thorough and clear documentation, and complete logging/reporting."	The tool has unknown or no built-in scalability or parallelization capabilities. It struggles to handle large datasets efficiently and cannot leverage cloud or HPC resources.	"Zhang, X., Smits, A. H., van Tilburg, G. B., Ovaa, H., Huber, W., & Vermeulen, M. (2018). Proteome-wide identification of ubiquitin interactions using UbIA-MS. Nat. Protoc., 13(3), 530-550. https://doi.org/10.1038/nprot.2017.147"	2
Machine Learning and Prediction	DFLpred	http://biomine.cs.vcu.edu/servers/DFLpred/	2015	2016	Archived data or tool in a trusted repository.	"Minimal or inconsistent version control, tool still functional but not actively maintained."	"Fully open-source with a permissive license (e.g., MIT, Apache), code publicly available."	"Minimal engagement, limited to one platform (e.g., GitHub issues or a single forum)."	Cannot integrate into workflow management systems.	"Uses standardized formats directly, ensuring seamless interoperability with other tools."	Tested only at the time of initial tool publication.	Not containerized or dependency management is manual.	"Lacks a manual; minimal or unclear documentation, logging, or reporting."	The tool has unknown or no built-in scalability or parallelization capabilities. It struggles to handle large datasets efficiently and cannot leverage cloud or HPC resources.	"Meng, F., & Kurgan, L. (2016). DFLpred: High-throughput prediction of disordered flexible linker regions in protein sequences. Bioinformatics, 32(12), i341-i350. https://doi.org/10.1093/bioinformatics/btw280"	2
Metabolomics and Small Molecule Analysis	enviPat	http://www.envipat.eawag.ch/	2015	2021	"Both tool and data are archived in trusted, well-maintained repositories (e.g., Zenodo, ProteomeXchange)."	"Minimal or inconsistent version control, tool still functional but not actively maintained."	"Fully open-source with a permissive license (e.g., MIT, Apache), code publicly available."	"Minimal engagement, limited to one platform (e.g., GitHub issues or a single forum)."	"Usable as part of a pipeline in workflow systems (e.g., Snakemake, Galaxy)."	"Uses standardized formats directly, ensuring seamless interoperability with other tools."	Tested only at the time of initial tool publication.	Not containerized or dependency management is manual.	"Lacks a manual; minimal or unclear documentation, logging, or reporting."	The tool has unknown or no built-in scalability or parallelization capabilities. It struggles to handle large datasets efficiently and cannot leverage cloud or HPC resources.	"Loos, M., Gerber, C., Corona, F., Hollender, J., & Singer, H. (2015). Accelerated isotope fine structure calculation using pruned transition trees. Analytical Chemistry, 87(11), 5738–5744. https://doi.org/10.1021/acs.analchem.5b00941"	2
Machine Learning and Prediction	HIGH-PPI	https://github.com/zqgao22/HIGH-PPI	2023	2023	"Both tool and data are archived in trusted, well-maintained repositories (e.g., Zenodo, ProteomeXchange)."	"Minimal or inconsistent version control, tool still functional but not actively maintained."	"Fully open-source with a permissive license (e.g., MIT, Apache), code publicly available."	"Minimal engagement, limited to one platform (e.g., GitHub issues or a single forum)."	"Usable as part of a pipeline in workflow systems (e.g., Snakemake, Galaxy)."	"Uses standardized formats directly, ensuring seamless interoperability with other tools."	Tested only at the time of initial tool publication.	Not containerized or dependency management is manual.	"Lacks a manual; minimal or unclear documentation, logging, or reporting."	The tool has unknown or no built-in scalability or parallelization capabilities. It struggles to handle large datasets efficiently and cannot leverage cloud or HPC resources.	"Gao, Z., Jiang, C., Zhang, J., Jiang, X., Li, L., Zhao, P., Yang, H., Huang, Y., & Li, J. (2023). Hierarchical graph learning for protein-protein interaction. Nat. Commun., 14(1), 1093. https://doi.org/10.1038/s41467-023-36736-1"	2
Visualization and Imaging	IDBac	https://chasemc.github.io/IDBac	2018	2022	Archived data or tool in a trusted repository.	"Minimal or inconsistent version control, tool still functional but not actively maintained."	"Fully open-source with a permissive license (e.g., MIT, Apache), code publicly available."	"Active engagement across multiple platforms (e.g., GitHub, forums, Q&A sites) with regular interactions."	Cannot integrate into workflow management systems.	"Uses standardized formats directly, ensuring seamless interoperability with other tools."	Tested only at the time of initial tool publication.	Not containerized or dependency management is manual.	"Lacks a manual; minimal or unclear documentation, logging, or reporting."	The tool has unknown or no built-in scalability or parallelization capabilities. It struggles to handle large datasets efficiently and cannot leverage cloud or HPC resources.	"Clark, C. M., Costa, M. S., Sanchez, L. M., & Murphy, B. T. (2018). Coupling MALDI-TOF mass spectrometry protein and specialized metabolite analyses to rapidly discriminate bacterial function. Proc. Natl. Acad. Sci. U. S. A., 115(19), 4981-4986. https://doi.org/10.1073/pnas.1801247115"	2
Protein and Peptide Identification	Informed-Proteomics	https://github.com/PNNL-Comp-Mass-Spec/Informed-Proteomics	2018	2022	Archived data or tool in a trusted repository.	"Minimal or inconsistent version control, tool still functional but not actively maintained."	"Fully open-source with a permissive license (e.g., MIT, Apache), code publicly available."	"Active engagement across multiple platforms (e.g., GitHub, forums, Q&A sites) with regular interactions."	Cannot integrate into workflow management systems.	"Uses standardized formats directly, ensuring seamless interoperability with other tools."	Tested only at the time of initial tool publication.	Not containerized or dependency management is manual.	"Detailed manual, thorough and clear documentation, and complete logging/reporting."	The tool has unknown or no built-in scalability or parallelization capabilities. It struggles to handle large datasets efficiently and cannot leverage cloud or HPC resources.	"Park, J., Piehowski, P. D., Wilkins, C., Zhou, M., Mendoza, J., Fujimoto, G. M., Gibbons, B. C., Shaw, J. B., Shen, Y., Shukla, A. K., Moore, R. J., Liu, T., Petyuk, V. A., Toli?, N., Paša-Toli?, L., Smith, R. D., Payne, S. H., & Kim, S. (2017). Informed-Proteomics: open-source software package for top-down proteomics. Nat. Methods, 14(9), 909-914. https://doi.org/10.1038/nmeth.4388"	2
Post-Translational Modifications (PTMs)	InsPecT	http://proteomics.ucsd.edu/Software/Inspect/	2005	2012	Not archived or hosted in unreliable locations.	"No version control, tool is deprecated or unreliable."	"Open source but with restrictions (e.g., limited commercial use or missing code access)."	No evidence of community engagement or support.	Cannot integrate into workflow management systems.	"Uses standardized formats directly, ensuring seamless interoperability with other tools."	Tested only at the time of initial tool publication.	Not containerized or dependency management is manual.	"Detailed manual, thorough and clear documentation, and complete logging/reporting."	The tool has unknown or no built-in scalability or parallelization capabilities. It struggles to handle large datasets efficiently and cannot leverage cloud or HPC resources.	"Tanner, S., Shu, H., Frank, A., Wang, L. C., Zandi, E., Mumby, M., Pevzner, P. A., & Bafna, V. (2005). InsPecT: Identification of posttranslationally modified peptides from tandem mass spectra. Anal. Chem., 77(14), 4626-4639. https://doi.org/10.1021/ac050102d"	2
Data Processing and Analysis	IPO	http://bioconductor.org/packages/release/bioc/html/IPO.html	2015	2017	Archived data or tool in a trusted repository.	"Minimal or inconsistent version control, tool still functional but not actively maintained."	"Fully open-source with a permissive license (e.g., MIT, Apache), code publicly available."	"Minimal engagement, limited to one platform (e.g., GitHub issues or a single forum)."	Cannot integrate into workflow management systems.	"Uses standardized formats directly, ensuring seamless interoperability with other tools."	Tested only at the time of initial tool publication.	Not containerized or dependency management is manual.	Sufficient documentation but lacks a manual or comprehensive logging/reporting.	The tool has unknown or no built-in scalability or parallelization capabilities. It struggles to handle large datasets efficiently and cannot leverage cloud or HPC resources.	"Libiseller G, Dvorzak M, Kleb U, Gander E, Eisenberg T, Madeo F, Neumann S, Trausinger G, Sinner F, Pieber T, Magnes C ((2015)). “IPO: a tool for automated optimization of XCMS parameters.” BMC Bioinformatics, 16, 118."	2
Data Processing and Analysis	isobar	http://bioconductor.org/packages/release/bioc/html/isobar.html	2013	2016	Archived data or tool in a trusted repository.	"Minimal or inconsistent version control, tool still functional but not actively maintained."	"Fully open-source with a permissive license (e.g., MIT, Apache), code publicly available."	"Minimal engagement, limited to one platform (e.g., GitHub issues or a single forum)."	Cannot integrate into workflow management systems.	"Uses standardized formats directly, ensuring seamless interoperability with other tools."	Tested only at the time of initial tool publication.	Not containerized or dependency management is manual.	Sufficient documentation but lacks a manual or comprehensive logging/reporting.	The tool has unknown or no built-in scalability or parallelization capabilities. It struggles to handle large datasets efficiently and cannot leverage cloud or HPC resources.	"Florian P. Breitwieser and Jacques Colinge (Sept. 2013). “Isobar(PTM): a software tool for the quantitative analysis of post-translationally modified proteins.” eng. In: J Proteomics 90, pp. 77–84"	2
Cross-Linking and Structural Proteomics	Kojak	https://kojak-ms.systemsbiology.net/	2015	2024	Archived data or tool in a trusted repository.	"Comprehensive version control with regular updates, clear changelogs, and active maintenance."	"Fully open-source with a permissive license (e.g., MIT, Apache), code publicly available."	"Active engagement across multiple platforms (e.g., GitHub, forums, Q&A sites) with regular interactions."	Cannot integrate into workflow management systems.	"Uses standardized formats directly, ensuring seamless interoperability with other tools."	Tested only at the time of initial tool publication.	Not containerized or dependency management is manual.	Sufficient documentation but lacks a manual or comprehensive logging/reporting.	The tool has unknown or no built-in scalability or parallelization capabilities. It struggles to handle large datasets efficiently and cannot leverage cloud or HPC resources.	"Hoopmann, M. R., Zelter, A., Johnson, R. S., Riffle, M., MacCoss, M. J., Davis, T. N., & Moritz, R. L. (2015). Kojak: Efficient analysis of chemically cross-linked protein complexes. J. Proteome Res., 14(5), 2190-2198. https://doi.org/10.1021/pr501321h"	2
Specialized Libraries and Frameworks	libmgf	http://kirchnerlab.github.io/libmgf/	2010	2010	Not archived or hosted in unreliable locations.	"No version control, tool is deprecated or unreliable."	"Open source but with restrictions (e.g., limited commercial use or missing code access)."	"Minimal engagement, limited to one platform (e.g., GitHub issues or a single forum)."	"Usable as part of a pipeline in workflow systems (e.g., Snakemake, Galaxy)."	"Uses standardized formats directly, ensuring seamless interoperability with other tools."	Tested only at the time of initial tool publication.	Not containerized or dependency management is manual.	Sufficient documentation but lacks a manual or comprehensive logging/reporting.	The tool has unknown or no built-in scalability or parallelization capabilities. It struggles to handle large datasets efficiently and cannot leverage cloud or HPC resources.	"Kirchner, M., Steen, J. A., Hamprecht, F. A., & Steen, H. (2010). MGFp: An open Mascot Generic Format parser library implementation. J. Proteome Res., 9(5), 2762-2763. https://doi.org/10.1021/pr100118f"	2
Quantitative Proteomics	Libra	http://tools.proteomecenter.org/Libra.php	2007	2015	"Both tool and data are archived in trusted, well-maintained repositories (e.g., Zenodo, ProteomeXchange)."	"Minimal or inconsistent version control, tool still functional but not actively maintained."	"Fully open-source with a permissive license (e.g., MIT, Apache), code publicly available."	"Active engagement across multiple platforms (e.g., GitHub, forums, Q&A sites) with regular interactions."	"Usable as part of a pipeline in workflow systems (e.g., Snakemake, Galaxy)."	"Uses standardized formats directly, ensuring seamless interoperability with other tools."	Regular benchmarking and validation against widely accepted datasets with updates.	"Partially containerized, e.g., as part of a broader pipeline or incomplete container."	"Lacks a manual; minimal or unclear documentation, logging, or reporting."	"The tool is designed for high scalability and parallelization, capable of efficiently processing very large datasets. It supports distributed computing, cloud platforms, and HPC environments, with optimization for resource allocation and task distribution."	"Deutsch, E. W., Mendoza, L., Shteynberg, D., Farrah, T., Lam, H., Tasman, N., Sun, Z., Nilsson, E., Pratt, B., Prazen, B., Eng, J. K., Martin, D. B., Nesvizhskii, A. I., & Aebersold, R. (2010). A guided tour of the Trans-Proteomic Pipeline. Proteomics, 10(6), 1150-1159. https://doi.org/10.1002/pmic.200900375"	2
Visualization and Imaging	localCIDER	https://github.com/Pappulab/localCIDER	2014	2023	Archived data or tool in a trusted repository.	"Minimal or inconsistent version control, tool still functional but not actively maintained."	"Fully open-source with a permissive license (e.g., MIT, Apache), code publicly available."	"Minimal engagement, limited to one platform (e.g., GitHub issues or a single forum)."	Cannot integrate into workflow management systems.	Formats are non-standard but can be converted with effort.	Tested only at the time of initial tool publication.	Not containerized or dependency management is manual.	Sufficient documentation but lacks a manual or comprehensive logging/reporting.	The tool has unknown or no built-in scalability or parallelization capabilities. It struggles to handle large datasets efficiently and cannot leverage cloud or HPC resources.	"Holehouse, A. S., Das, R. K., Ahad, J. N., Richardson, M. O., & Pappu, R. V. (2017). CIDER: Resources to analyze sequence-ensemble relationships of intrinsically disordered proteins. Biophys. J., 112(1), 16-21. https://doi.org/10.1016/j.bpj.2016.11.3200"	2
De Novo Sequencing	LutefiskXP	http://www.hairyfatguy.com/lutefisk/	2002	2014	Not archived or hosted in unreliable locations.	"Minimal or inconsistent version control, tool still functional but not actively maintained."	"Fully open-source with a permissive license (e.g., MIT, Apache), code publicly available."	"Minimal engagement, limited to one platform (e.g., GitHub issues or a single forum)."	Cannot integrate into workflow management systems.	"Uses standardized formats directly, ensuring seamless interoperability with other tools."	Tested only at the time of initial tool publication.	Not containerized or dependency management is manual.	"Lacks a manual; minimal or unclear documentation, logging, or reporting."	The tool has unknown or no built-in scalability or parallelization capabilities. It struggles to handle large datasets efficiently and cannot leverage cloud or HPC resources.	"Johnson, R. S., & Taylor, J. A. (2002). Searching sequence databases via de novo peptide sequencing by tandem mass spectrometry. Mol. Biotechnol., 22(3), 301-315. https://doi.org/10.1385/MB:22:3:301"	2
Data Processing and Analysis	MALDIquant	https://cran.r-project.org/package=MALDIquant	2012	2024	Archived data or tool in a trusted repository.	"Comprehensive version control with regular updates, clear changelogs, and active maintenance."	"Fully open-source with a permissive license (e.g., MIT, Apache), code publicly available."	"Minimal engagement, limited to one platform (e.g., GitHub issues or a single forum)."	"Usable as part of a pipeline in workflow systems (e.g., Snakemake, Galaxy)."	"Uses standardized formats directly, ensuring seamless interoperability with other tools."	Tested only at the time of initial tool publication.	"Partially containerized, e.g., as part of a broader pipeline or incomplete container."	Sufficient documentation but lacks a manual or comprehensive logging/reporting.	The tool has unknown or no built-in scalability or parallelization capabilities. It struggles to handle large datasets efficiently and cannot leverage cloud or HPC resources.	"Gibb, S., & Strimmer, K. (2012). MALDIquant: A versatile R package for the analysis of mass spectrometry data. Bioinformatics, 28(17), 2270-2271. https://doi.org/10.1093/bioinformatics/bts447"	2
Data Processing and Analysis	MAPDIA	http://sourceforge.net/projects/mapdia/.	2015	2018	Archived data or tool in a trusted repository.	"Minimal or inconsistent version control, tool still functional but not actively maintained."	"Fully open-source with a permissive license (e.g., MIT, Apache), code publicly available."	"Minimal engagement, limited to one platform (e.g., GitHub issues or a single forum)."	Cannot integrate into workflow management systems.	"Uses standardized formats directly, ensuring seamless interoperability with other tools."	Tested only at the time of initial tool publication.	Not containerized or dependency management is manual.	"Lacks a manual; minimal or unclear documentation, logging, or reporting."	The tool has unknown or no built-in scalability or parallelization capabilities. It struggles to handle large datasets efficiently and cannot leverage cloud or HPC resources.	"Teo, G., Kim, S., Tsou, C. C., Collins, B., Gingras, A. C., Nesvizhskii, A. I., & Choi, H. (2015). mapDIA: Preprocessing and statistical analysis of quantitative proteomics data from data independent acquisition mass spectrometry. J. Proteomics, 129, 108-120. https://doi.org/10.1016/j.jprot.2015.09.013"	2
Data Processing and Analysis	MassSpecWavelet	http://bioconductor.org/packages/release/bioc/html/MassSpecWavelet.html	2006	2024	Archived data or tool in a trusted repository.	"Comprehensive version control with regular updates, clear changelogs, and active maintenance."	"Fully open-source with a permissive license (e.g., MIT, Apache), code publicly available."	"Minimal engagement, limited to one platform (e.g., GitHub issues or a single forum)."	"Usable as part of a pipeline in workflow systems (e.g., Snakemake, Galaxy)."	"Uses standardized formats directly, ensuring seamless interoperability with other tools."	Tested only at the time of initial tool publication.	"Fully containerized (e.g., Docker, Singularity) with comprehensive dependency management."	Sufficient documentation but lacks a manual or comprehensive logging/reporting.	The tool has unknown or no built-in scalability or parallelization capabilities. It struggles to handle large datasets efficiently and cannot leverage cloud or HPC resources.	"Du, P., Kibbe, W. A., & Lin, S. M. (2006). Improved peak detection in mass spectrum by incorporating continuous wavelet transform-based pattern matching. Bioinformatics, 22(17), 2059-2065. https://doi.org/10.1093/bioinformatics/btl355"	2
Data Processing and Analysis	MassyTools	https://github.com/Tarskin/MassyTools	2015	2024	Archived data or tool in a trusted repository.	"Comprehensive version control with regular updates, clear changelogs, and active maintenance."	"Fully open-source with a permissive license (e.g., MIT, Apache), code publicly available."	"Minimal engagement, limited to one platform (e.g., GitHub issues or a single forum)."	"Usable as part of a pipeline in workflow systems (e.g., Snakemake, Galaxy)."	"Uses standardized formats directly, ensuring seamless interoperability with other tools."	Tested only at the time of initial tool publication.	Not containerized or dependency management is manual.	Sufficient documentation but lacks a manual or comprehensive logging/reporting.	The tool has unknown or no built-in scalability or parallelization capabilities. It struggles to handle large datasets efficiently and cannot leverage cloud or HPC resources.	"Jansen, B. C., Reiding, K. R., Bondt, A., Hipgrave Ederveen, A. L., Palmblad, M., Falck, D., & Wuhrer, M. (2015). MassyTools: A high-throughput targeted data processing tool for relative quantitation and quality control developed for glycomic and glycoproteomic MALDI-MS. J. Proteome Res., 14(12), 5088-5098. https://doi.org/10.1021/acs.jproteome.5b00658"	2
Metabolomics and Small Molecule Analysis	matter	http://bioconductor.org/packages/release/bioc/html/matter.html	2024	2024	Archived data or tool in a trusted repository.	"Comprehensive version control with regular updates, clear changelogs, and active maintenance."	"Fully open-source with a permissive license (e.g., MIT, Apache), code publicly available."	"Minimal engagement, limited to one platform (e.g., GitHub issues or a single forum)."	"Usable as part of a pipeline in workflow systems (e.g., Snakemake, Galaxy)."	"Uses standardized formats directly, ensuring seamless interoperability with other tools."	Tested only at the time of initial tool publication.	Not containerized or dependency management is manual.	Sufficient documentation but lacks a manual or comprehensive logging/reporting.	The tool has unknown or no built-in scalability or parallelization capabilities. It struggles to handle large datasets efficiently and cannot leverage cloud or HPC resources.	"Bemis KA (2024). matter: Out-of-core statistical computing and signal processing. R package version 2.8.0, https://github.com/kuwisdelu/matter."	2
Database Search and Spectral Libraries	Morpheus	https://cwenger.github.io/Morpheus/	2015	2024	Archived data or tool in a trusted repository.	"Comprehensive version control with regular updates, clear changelogs, and active maintenance."	"Fully open-source with a permissive license (e.g., MIT, Apache), code publicly available."	"Active engagement across multiple platforms (e.g., GitHub, forums, Q&A sites) with regular interactions."	"Usable as part of a pipeline in workflow systems (e.g., Snakemake, Galaxy)."	"Uses standardized formats directly, ensuring seamless interoperability with other tools."	Tested only at the time of initial tool publication.	Not containerized or dependency management is manual.	Sufficient documentation but lacks a manual or comprehensive logging/reporting.	The tool has unknown or no built-in scalability or parallelization capabilities. It struggles to handle large datasets efficiently and cannot leverage cloud or HPC resources.	"Wenger, C. D., & Coon, J. J. (2013). A proteomics search algorithm specifically designed for high-resolution tandem mass spectra. J. Proteome Res., 12(3), 1377-1386. https://doi.org/10.1021/pr301024c"	2
Protein and Peptide Identification	MS Amanda	https://ms.imp.ac.at/?action=ms-amanda	2014	2024	Not archived or hosted in unreliable locations.	"Comprehensive version control with regular updates, clear changelogs, and active maintenance."	"Open source but with restrictions (e.g., limited commercial use or missing code access)."	"Minimal engagement, limited to one platform (e.g., GitHub issues or a single forum)."	"Usable as part of a pipeline in workflow systems (e.g., Snakemake, Galaxy)."	"Uses standardized formats directly, ensuring seamless interoperability with other tools."	Tested only at the time of initial tool publication.	"Partially containerized, e.g., as part of a broader pipeline or incomplete container."	Sufficient documentation but lacks a manual or comprehensive logging/reporting.	"The tool is designed for high scalability and parallelization, capable of efficiently processing very large datasets. It supports distributed computing, cloud platforms, and HPC environments, with optimization for resource allocation and task distribution."	"Dorfer, V., Pichler, P., Stranzl, T., Stadlmann, J., Taus, T., Winkler, S., Mechtler, K. (2014). MS Amanda, a universal identification algorithm optimized for high accuracy tandem mass spectra. J. Proteome Res., 13(8), 3679-3684. https://doi.org/10.1021/pr500202e"	2
Spectral Processing and Alignment	msalign2	http://www.ms-utils.org/msalign2/index.html	2007	Unknown	Not archived or hosted in unreliable locations.	"Minimal or inconsistent version control, tool still functional but not actively maintained."	"Fully open-source with a permissive license (e.g., MIT, Apache), code publicly available."	No evidence of community engagement or support.	"Usable as part of a pipeline in workflow systems (e.g., Snakemake, Galaxy)."	"Uses standardized formats directly, ensuring seamless interoperability with other tools."	No benchmarking or testing reported.	Not containerized or dependency management is manual.	"Lacks a manual; minimal or unclear documentation, logging, or reporting."	The tool has unknown or no built-in scalability or parallelization capabilities. It struggles to handle large datasets efficiently and cannot leverage cloud or HPC resources.	"Nevedomskaya, E., Derks, R., Deelder, A. M., Mayboroda, O. A., & Palmblad, M. (2009). Alignment of capillary electrophoresis-mass spectrometry datasets using accurate mass information. Anal. Bioanal. Chem., 395(8), 2527-2533. https://doi.org/10.1007/s00216-009-3166-1"	2
Protein and Peptide Identification	MSnID	http://github.com/PNNL-Comp-Mass-Spec/MSnID	2015	2024	Archived data or tool in a trusted repository.	"Minimal or inconsistent version control, tool still functional but not actively maintained."	"Fully open-source with a permissive license (e.g., MIT, Apache), code publicly available."	"Minimal engagement, limited to one platform (e.g., GitHub issues or a single forum)."	"Usable as part of a pipeline in workflow systems (e.g., Snakemake, Galaxy)."	"Uses standardized formats directly, ensuring seamless interoperability with other tools."	Tested only at the time of initial tool publication.	"Fully containerized (e.g., Docker, Singularity) with comprehensive dependency management."	Sufficient documentation but lacks a manual or comprehensive logging/reporting.	The tool has unknown or no built-in scalability or parallelization capabilities. It struggles to handle large datasets efficiently and cannot leverage cloud or HPC resources.	Gatto VPwcfL (2024). MSnID: Utilities for Exploration and Assessment of Confidence of LC-MSn Proteomics Identifications. R package version 1.40.0.	2
Niche and Miscellaneous Tools	NMRFAM-SPARKY	http://pine.nmrfam.wisc.edu/download_packages.html	2015	Unknown	Archived data or tool in a trusted repository.	"Minimal or inconsistent version control, tool still functional but not actively maintained."	"Fully open-source with a permissive license (e.g., MIT, Apache), code publicly available."	"Minimal engagement, limited to one platform (e.g., GitHub issues or a single forum)."	Cannot integrate into workflow management systems.	Formats are non-standard but can be converted with effort.	No benchmarking or testing reported.	Not containerized or dependency management is manual.	"Lacks a manual; minimal or unclear documentation, logging, or reporting."	The tool has unknown or no built-in scalability or parallelization capabilities. It struggles to handle large datasets efficiently and cannot leverage cloud or HPC resources.	"Lee, W., Tonelli, M., & Markley, J. L. (2015). NMRFAM-SPARKY: Enhanced software for biomolecular NMR spectroscopy. Bioinformatics, 31(8), 1325-1327. https://doi.org/10.1093/bioinformatics/btu830"	2
Protein and Peptide Identification	pepXMLTab	http://bioconductor.org/packages/release/bioc/html/pepXMLTab.html	2015	2024	Archived data or tool in a trusted repository.	"Comprehensive version control with regular updates, clear changelogs, and active maintenance."	"Fully open-source with a permissive license (e.g., MIT, Apache), code publicly available."	"Minimal engagement, limited to one platform (e.g., GitHub issues or a single forum)."	"Usable as part of a pipeline in workflow systems (e.g., Snakemake, Galaxy)."	"Uses standardized formats directly, ensuring seamless interoperability with other tools."	Tested only at the time of initial tool publication.	Not containerized or dependency management is manual.	Sufficient documentation but lacks a manual or comprehensive logging/reporting.	The tool has unknown or no built-in scalability or parallelization capabilities. It struggles to handle large datasets efficiently and cannot leverage cloud or HPC resources.	Wang X (2024). pepXMLTab: Parsing pepXML files and filter based on peptide FDR.. R package version 1.40.0.	2
Specialized Libraries and Frameworks	pftools	https://github.com/sib-swiss/pftools3	2015	2022	"Both tool and data are archived in trusted, well-maintained repositories (e.g., Zenodo, ProteomeXchange)."	"Minimal or inconsistent version control, tool still functional but not actively maintained."	"Fully open-source with a permissive license (e.g., MIT, Apache), code publicly available."	"Minimal engagement, limited to one platform (e.g., GitHub issues or a single forum)."	"Usable as part of a pipeline in workflow systems (e.g., Snakemake, Galaxy)."	"Uses standardized formats directly, ensuring seamless interoperability with other tools."	No benchmarking or testing reported.	"Fully containerized (e.g., Docker, Singularity) with comprehensive dependency management."	Sufficient documentation but lacks a manual or comprehensive logging/reporting.	The tool supports basic scalability. It can handle moderately large datasets but may not fully utilize advanced computational resources.	"Lüthy R, Xenarios I, Bucher P. Improving the sensitivity of the sequence profile method. Protein Sci. 1994 Jan;3(1):139-46. PubMed PMID: 7511453; PubMed Central PMCID: PMC2142471."	2
Protein and Peptide Identification	PIA - Protein Inference Algorithms	https://github.com/medbioinf/pia	2015	2024	Archived data or tool in a trusted repository.	"Comprehensive version control with regular updates, clear changelogs, and active maintenance."	"Fully open-source with a permissive license (e.g., MIT, Apache), code publicly available."	"Minimal engagement, limited to one platform (e.g., GitHub issues or a single forum)."	"Usable as part of a pipeline in workflow systems (e.g., Snakemake, Galaxy)."	"Uses standardized formats directly, ensuring seamless interoperability with other tools."	Tested only at the time of initial tool publication.	"Fully containerized (e.g., Docker, Singularity) with comprehensive dependency management."	Sufficient documentation but lacks a manual or comprehensive logging/reporting.	The tool supports basic scalability. It can handle moderately large datasets but may not fully utilize advanced computational resources.	"Uszkoreit, J., Maerkens, A., Perez-Riverol, Y., Meyer, H. E., Marcus, K., Stephan, C., Kohlbacher, O., & Eisenacher, M. (2015). PIA: An intuitive protein inference engine with a web-based user interface. J. Proteome Res., 14(7), 2988-2997. https://doi.org/10.1021/acs.jproteome.5b00121"	2
Data Processing and Analysis	Prostar	http://bioconductor.org/packages/release/bioc/html/Prostar.html	2017	2024	Archived data or tool in a trusted repository.	"Comprehensive version control with regular updates, clear changelogs, and active maintenance."	"Fully open-source with a permissive license (e.g., MIT, Apache), code publicly available."	"Active engagement across multiple platforms (e.g., GitHub, forums, Q&A sites) with regular interactions."	"Usable as part of a pipeline in workflow systems (e.g., Snakemake, Galaxy)."	"Uses standardized formats directly, ensuring seamless interoperability with other tools."	Tested only at the time of initial tool publication.	Not containerized or dependency management is manual.	"Detailed manual, thorough and clear documentation, and complete logging/reporting."	The tool supports basic scalability. It can handle moderately large datasets but may not fully utilize advanced computational resources.	"Wieczorek S, Combes F, Lazar C, Giai-Gianetto Q, Gatto L, Dorffer A, Hesse A, Coute Y, Ferro M, Bruley C, Burger T (2017). “DAPAR & ProStaR: software to perform statistical analyses in quantitative discovery proteomics.” Bioinformatics."	2
Specialized Libraries and Frameworks	ProtGenerics	http://bioconductor.org/packages/release/bioc/html/ProtGenerics.html	2015	2024	Archived data or tool in a trusted repository.	"Comprehensive version control with regular updates, clear changelogs, and active maintenance."	"Fully open-source with a permissive license (e.g., MIT, Apache), code publicly available."	"Minimal engagement, limited to one platform (e.g., GitHub issues or a single forum)."	"Usable as part of a pipeline in workflow systems (e.g., Snakemake, Galaxy)."	"Uses standardized formats directly, ensuring seamless interoperability with other tools."	Tested only at the time of initial tool publication.	"Fully containerized (e.g., Docker, Singularity) with comprehensive dependency management."	Sufficient documentation but lacks a manual or comprehensive logging/reporting.	The tool has unknown or no built-in scalability or parallelization capabilities. It struggles to handle large datasets efficiently and cannot leverage cloud or HPC resources.	"Gatto L, Rainer J (2024). ProtGenerics: Generic infrastructure for Bioconductor mass spectrometry packages. R package version 1.38.0, https://github.com/RforMassSpectrometry/ProtGenerics."	2
Metabolomics and Small Molecule Analysis	Rdisop	http://bioconductor.org/packages/release/bioc/html/Rdisop.html	2009	2024	Archived data or tool in a trusted repository.	"Comprehensive version control with regular updates, clear changelogs, and active maintenance."	"Fully open-source with a permissive license (e.g., MIT, Apache), code publicly available."	"Minimal engagement, limited to one platform (e.g., GitHub issues or a single forum)."	Cannot integrate into workflow management systems.	Formats are non-standard but can be converted with effort.	Tested only at the time of initial tool publication.	"Fully containerized (e.g., Docker, Singularity) with comprehensive dependency management."	"Lacks a manual; minimal or unclear documentation, logging, or reporting."	The tool has unknown or no built-in scalability or parallelization capabilities. It struggles to handle large datasets efficiently and cannot leverage cloud or HPC resources.	"Böcker, S., Letzel, M. C., Lipták, Z., & Pervukhin, A. (2009). SIRIUS: Decomposing isotope patterns for metabolite identification. Bioinformatics, 25(2), 218-224. https://doi.org/10.1093/bioinformatics/btn603"	2
Metabolomics and Small Molecule Analysis	Sirius	http://bio.informatik.uni-jena.de/sirius	2009	2022	"Both tool and data are archived in trusted, well-maintained repositories (e.g., Zenodo, ProteomeXchange)."	"Comprehensive version control with regular updates, clear changelogs, and active maintenance."	"Open source but with restrictions (e.g., limited commercial use or missing code access)."	"Active engagement across multiple platforms (e.g., GitHub, forums, Q&A sites) with regular interactions."	"Usable as part of a pipeline in workflow systems (e.g., Snakemake, Galaxy)."	"Uses standardized formats directly, ensuring seamless interoperability with other tools."	Tested only at the time of initial tool publication.	Not containerized or dependency management is manual.	"Detailed manual, thorough and clear documentation, and complete logging/reporting."	The tool supports basic scalability. It can handle moderately large datasets but may not fully utilize advanced computational resources.	"Böcker, S., Letzel, M. C., Lipták, Z., & Pervukhin, A. (2009). SIRIUS: Decomposing isotope patterns for metabolite identification. Bioinformatics, 25(2), 218-224. https://doi.org/10.1093/bioinformatics/btn603"	2
Spectral Processing and Alignment	SpecArray	http://tools.proteomecenter.org/SpecArray.php	2005	2007	Archived data or tool in a trusted repository.	"Minimal or inconsistent version control, tool still functional but not actively maintained."	"Open source but with restrictions (e.g., limited commercial use or missing code access)."	"Minimal engagement, limited to one platform (e.g., GitHub issues or a single forum)."	"Usable as part of a pipeline in workflow systems (e.g., Snakemake, Galaxy)."	"Uses standardized formats directly, ensuring seamless interoperability with other tools."	Tested only at the time of initial tool publication.	Not containerized or dependency management is manual.	"Lacks a manual; minimal or unclear documentation, logging, or reporting."	The tool has unknown or no built-in scalability or parallelization capabilities. It struggles to handle large datasets efficiently and cannot leverage cloud or HPC resources.	"Li, X. J., Zhang, H., Ranish, J. A., & Aebersold, R. (2003). Automated statistical analysis of protein abundance ratios from data generated by stable-isotope dilution and tandem mass spectrometry. Anal. Chem., 75(23), 6648-6657. https://doi.org/10.1021/ac034633i"	2
Data Processing and Analysis	statTarget	http://bioconductor.org/packages/release/bioc/html/statTarget.html	2016	2018	Archived data or tool in a trusted repository.	"Minimal or inconsistent version control, tool still functional but not actively maintained."	"Fully open-source with a permissive license (e.g., MIT, Apache), code publicly available."	"Minimal engagement, limited to one platform (e.g., GitHub issues or a single forum)."	"Usable as part of a pipeline in workflow systems (e.g., Snakemake, Galaxy)."	Formats are non-standard but can be converted with effort.	Tested only at the time of initial tool publication.	Not containerized or dependency management is manual.	"Lacks a manual; minimal or unclear documentation, logging, or reporting."	The tool has unknown or no built-in scalability or parallelization capabilities. It struggles to handle large datasets efficiently and cannot leverage cloud or HPC resources.	"Luan H, Ji F, Chen Y, Cai Z (2018). “statTarget: a streamlined tool for signal drift correction and interpretations of quantitative mass spectrometry-based omics data.” Analytica Chimica Acta, 1036, 66-72."	2
Niche and Miscellaneous Tools	SuperHirn	http://tools.proteomecenter.org/wiki/index.php?title=Software:SuperHirn	2007	2018	Not archived or hosted in unreliable locations.	"Minimal or inconsistent version control, tool still functional but not actively maintained."	"Fully open-source with a permissive license (e.g., MIT, Apache), code publicly available."	"Minimal engagement, limited to one platform (e.g., GitHub issues or a single forum)."	"Usable as part of a pipeline in workflow systems (e.g., Snakemake, Galaxy)."	Formats are non-standard but can be converted with effort.	Tested only at the time of initial tool publication.	Not containerized or dependency management is manual.	"Detailed manual, thorough and clear documentation, and complete logging/reporting."	The tool has unknown or no built-in scalability or parallelization capabilities. It struggles to handle large datasets efficiently and cannot leverage cloud or HPC resources.	"Mueller, L. N., Rinner, O., Schmidt, A., Letarte, S., Bodenmiller, B., Brusniak, M. Y., Vitek, O., Aebersold, R., & Müller, M. (2007). SuperHirn - A novel tool for high resolution LC-MS-based peptide/protein profiling. Proteomics, 7(19), 3470-3480. https://doi.org/10.1002/pmic.200700057"	2
Specialized Libraries and Frameworks	SwathXtend	http://bioconductor.org/packages/release/bioc/html/SwathXtend.html	2016	2024	Not archived or hosted in unreliable locations.	"Comprehensive version control with regular updates, clear changelogs, and active maintenance."	"Fully open-source with a permissive license (e.g., MIT, Apache), code publicly available."	"Minimal engagement, limited to one platform (e.g., GitHub issues or a single forum)."	"Usable as part of a pipeline in workflow systems (e.g., Snakemake, Galaxy)."	"Uses standardized formats directly, ensuring seamless interoperability with other tools."	No benchmarking or testing reported.	Not containerized or dependency management is manual.	"Lacks a manual; minimal or unclear documentation, logging, or reporting."	The tool has unknown or no built-in scalability or parallelization capabilities. It struggles to handle large datasets efficiently and cannot leverage cloud or HPC resources.	"Wu, J. X., Song, X., Pascovici, D., Zaw, T., Care, N., Krisp, C., & Molloy, M. P. (2016). SWATH mass spectrometry performance using extended peptide MS/MS assay libraries. Mol. Cell. Proteomics, 15(7), 2501-2514. https://doi.org/10.1074/mcp.m115.055558"	2
Data Processing and Analysis	synapter	http://bioconductor.org/packages/release/bioc/html/synapter.html	2012	2018	Not archived or hosted in unreliable locations.	"Minimal or inconsistent version control, tool still functional but not actively maintained."	"Fully open-source with a permissive license (e.g., MIT, Apache), code publicly available."	"Minimal engagement, limited to one platform (e.g., GitHub issues or a single forum)."	"Usable as part of a pipeline in workflow systems (e.g., Snakemake, Galaxy)."	"Uses standardized formats directly, ensuring seamless interoperability with other tools."	Tested only at the time of initial tool publication.	Not containerized or dependency management is manual.	"Detailed manual, thorough and clear documentation, and complete logging/reporting."	The tool has unknown or no built-in scalability or parallelization capabilities. It struggles to handle large datasets efficiently and cannot leverage cloud or HPC resources.	"Shliaha, P. V., Bond, N. J., Gatto, L., & Lilley, K. S. (2013). Effects of traveling wave ion mobility separation on data independent acquisition in proteomics studies. J. Proteome Res., 12(6), 2323-2339. https://doi.org/10.1021/pr300775k"	2
Niche and Miscellaneous Tools	TCGA-Assembler 2	http://www.compgenome.org/TCGA-Assembler/	2014	2018	Archived data or tool in a trusted repository.	"Minimal or inconsistent version control, tool still functional but not actively maintained."	"Fully open-source with a permissive license (e.g., MIT, Apache), code publicly available."	"Minimal engagement, limited to one platform (e.g., GitHub issues or a single forum)."	Cannot integrate into workflow management systems.	"Uses standardized formats directly, ensuring seamless interoperability with other tools."	Tested only at the time of initial tool publication.	Not containerized or dependency management is manual.	"Lacks a manual; minimal or unclear documentation, logging, or reporting."	The tool has unknown or no built-in scalability or parallelization capabilities. It struggles to handle large datasets efficiently and cannot leverage cloud or HPC resources.	"Wei, L., Jin, Z., Yang, S., Xu, Y., Zhu, Y., & Ji, Y. (2018). TCGA-assembler 2: software pipeline for retrieval and processing of TCGA/CPTAC data. Bioinformatics, 34(9), 1615-1617. https://doi.org/10.1093/bioinformatics/btx812"	2
Data Processing and Analysis	ASAPRatio	http://tools.proteomecenter.org/ASAPRatio.php	2003	2024	Archived data or tool in a trusted repository.	"Comprehensive version control with regular updates, clear changelogs, and active maintenance."	"Fully open-source with a permissive license (e.g., MIT, Apache), code publicly available."	"Active engagement across multiple platforms (e.g., GitHub, forums, Q&A sites) with regular interactions."	"Usable as part of a pipeline in workflow systems (e.g., Snakemake, Galaxy)."	"Uses standardized formats directly, ensuring seamless interoperability with other tools."	Regular benchmarking and validation against widely accepted datasets with updates.	"Partially containerized, e.g., as part of a broader pipeline or incomplete container."	"Detailed manual, thorough and clear documentation, and complete logging/reporting."	"The tool is designed for high scalability and parallelization, capable of efficiently processing very large datasets. It supports distributed computing, cloud platforms, and HPC environments, with optimization for resource allocation and task distribution."	"Libiseller, G., Dvorzak, M., Kleb, U., Gander, E., Eisenberg, T., Madeo, F., Neumann, S., Trausinger, G., Sinner, F., Pieber, T., Magnes, C. (2015). IPO: a tool for automated optimization of XCMS parameters. BMC Bioinformatics, 16(1), 118. https://doi.org/10.1186/s12859-015-0562-8"	3
Data Processing and Analysis	Cardinal	http://bioconductor.org/packages/release/bioc/html/Cardinal.html	2015	2024	Archived data or tool in a trusted repository.	"Comprehensive version control with regular updates, clear changelogs, and active maintenance."	"Fully open-source with a permissive license (e.g., MIT, Apache), code publicly available."	"Active engagement across multiple platforms (e.g., GitHub, forums, Q&A sites) with regular interactions."	"Usable as part of a pipeline in workflow systems (e.g., Snakemake, Galaxy)."	Formats are non-standard but can be converted with effort.	Regular benchmarking and validation against widely accepted datasets with updates.	"Fully containerized (e.g., Docker, Singularity) with comprehensive dependency management."	"Detailed manual, thorough and clear documentation, and complete logging/reporting."	The tool has unknown or no built-in scalability or parallelization capabilities. It struggles to handle large datasets efficiently and cannot leverage cloud or HPC resources.	"Bemis, K. D., Harry, A., Eberlin, L. S., Ferreira, C., van de Ven, S. M., Mallick, P., Stolowitz, M., Vitek, O. (2015). Cardinal: an R package for statistical analysis of mass spectrometry-based imaging experiments. Bioinformatics, 31(14), 2418-2420. https://doi.org/10.1093/bioinformatics/btv146"	3
Protein and Peptide Identification	Comet	http://comet-ms.sourceforge.net/	2013	2024	Archived data or tool in a trusted repository.	"Comprehensive version control with regular updates, clear changelogs, and active maintenance."	"Fully open-source with a permissive license (e.g., MIT, Apache), code publicly available."	"Active engagement across multiple platforms (e.g., GitHub, forums, Q&A sites) with regular interactions."	Fully compatible and integrated with workflow management systems for automation.	"Uses standardized formats directly, ensuring seamless interoperability with other tools."	Regular benchmarking and validation against widely accepted datasets with updates.	"Fully containerized (e.g., Docker, Singularity) with comprehensive dependency management."	"Detailed manual, thorough and clear documentation, and complete logging/reporting."	"The tool is designed for high scalability and parallelization, capable of efficiently processing very large datasets. It supports distributed computing, cloud platforms, and HPC environments, with optimization for resource allocation and task distribution."	"Eng, J. K., Jahan, T. A., & Hoopmann, M. R. (2013). Comet: An open-source MS/MS sequence database search tool. Proteomics, 13(1), 22-24. https://doi.org/10.1002/pmic.201200439"	3
Specialized Libraries and Frameworks	Compomics-utilities	http://compomics.github.io/projects/compomics-utilities.html	2011	2024	"Both tool and data are archived in trusted, well-maintained repositories (e.g., Zenodo, ProteomeXchange)."	"Comprehensive version control with regular updates, clear changelogs, and active maintenance."	"Open source but with restrictions (e.g., limited commercial use or missing code access)."	"Active engagement across multiple platforms (e.g., GitHub, forums, Q&A sites) with regular interactions."	Fully compatible and integrated with workflow management systems for automation.	"Uses standardized formats directly, ensuring seamless interoperability with other tools."	Regular benchmarking and validation against widely accepted datasets with updates.	"Partially containerized, e.g., as part of a broader pipeline or incomplete container."	"Detailed manual, thorough and clear documentation, and complete logging/reporting."	"The tool is designed for high scalability and parallelization, capable of efficiently processing very large datasets. It supports distributed computing, cloud platforms, and HPC environments, with optimization for resource allocation and task distribution."	"Barsnes, H., Vaudel, M., Colaert, N., Helsens, K., Sickmann, A., Berven, F. S., & Martens, L. (2011). compomics-utilities: An open-source Java library for computational proteomics. BMC Bioinformatics, 12(1), 70. https://doi.org/10.1186/1471-2105-12-70"	3
Data Processing and Analysis	DAPAR	http://bioconductor.org/packages/release/bioc/html/DAPAR.html	2016	2024	Archived data or tool in a trusted repository.	"Comprehensive version control with regular updates, clear changelogs, and active maintenance."	"Fully open-source with a permissive license (e.g., MIT, Apache), code publicly available."	"Active engagement across multiple platforms (e.g., GitHub, forums, Q&A sites) with regular interactions."	"Usable as part of a pipeline in workflow systems (e.g., Snakemake, Galaxy)."	"Uses standardized formats directly, ensuring seamless interoperability with other tools."	Regular benchmarking and validation against widely accepted datasets with updates.	"Fully containerized (e.g., Docker, Singularity) with comprehensive dependency management."	"Detailed manual, thorough and clear documentation, and complete logging/reporting."	"The tool is designed for high scalability and parallelization, capable of efficiently processing very large datasets. It supports distributed computing, cloud platforms, and HPC environments, with optimization for resource allocation and task distribution."	"Wieczorek S, Combes F, Lazar C, Giai-Gianetto Q, Gatto L, Dorffer A, Hesse A, Coute Y, Ferro M, Bruley C, Burger T (2016). “DAPAR & ProStaR: software to perform statistical analyses in quantitative discovery proteomics.” Bioinformatics."	3
De Novo Sequencing	Denovogui	http://compomics.github.io/projects/denovogui.html	2013	2022	Archived data or tool in a trusted repository.	"Comprehensive version control with regular updates, clear changelogs, and active maintenance."	"Fully open-source with a permissive license (e.g., MIT, Apache), code publicly available."	"Active engagement across multiple platforms (e.g., GitHub, forums, Q&A sites) with regular interactions."	"Usable as part of a pipeline in workflow systems (e.g., Snakemake, Galaxy)."	"Uses standardized formats directly, ensuring seamless interoperability with other tools."	Tested only at the time of initial tool publication.	"Fully containerized (e.g., Docker, Singularity) with comprehensive dependency management."	"Detailed manual, thorough and clear documentation, and complete logging/reporting."	"The tool is designed for high scalability and parallelization, capable of efficiently processing very large datasets. It supports distributed computing, cloud platforms, and HPC environments, with optimization for resource allocation and task distribution."	"Muth, T., Weilnböck, L., Rapp, E., Huber, C. G., Martens, L., Vaudel, M., & Barsnes, H. (2014). DeNovoGUI: An open source graphical user interface for de novo sequencing of tandem mass spectra. J. Proteome Res., 13(2), 1143-1146. https://doi.org/10.1021/pr4008078"	3
Machine Learning and Prediction	DIA-NN	https://github.com/vdemichev/diann	2018	2022	"Both tool and data are archived in trusted, well-maintained repositories (e.g., Zenodo, ProteomeXchange)."	"Comprehensive version control with regular updates, clear changelogs, and active maintenance."	"Fully open-source with a permissive license (e.g., MIT, Apache), code publicly available."	"Active engagement across multiple platforms (e.g., GitHub, forums, Q&A sites) with regular interactions."	Fully compatible and integrated with workflow management systems for automation.	"Uses standardized formats directly, ensuring seamless interoperability with other tools."	Regular benchmarking and validation against widely accepted datasets with updates.	"Fully containerized (e.g., Docker, Singularity) with comprehensive dependency management."	"Detailed manual, thorough and clear documentation, and complete logging/reporting."	"The tool is designed for high scalability and parallelization, capable of efficiently processing very large datasets. It supports distributed computing, cloud platforms, and HPC environments, with optimization for resource allocation and task distribution."	"Demichev, V., Messner, C. B., Vernardis, S. I., Lilley, K. S., & Ralser, M. (2020). DIA-NN: Neural networks and interference correction enable deep proteome coverage in high throughput. Nat. Methods, 17(1), 41-44. https://doi.org/10.1038/s41592-019-0638-x"	3
Quantitative Proteomics	DIA-Umpire	https://sourceforge.net/projects/diaumpire/	2015		"Both tool and data are archived in trusted, well-maintained repositories (e.g., Zenodo, ProteomeXchange)."	"Comprehensive version control with regular updates, clear changelogs, and active maintenance."	"Fully open-source with a permissive license (e.g., MIT, Apache), code publicly available."	"Active engagement across multiple platforms (e.g., GitHub, forums, Q&A sites) with regular interactions."	Fully compatible and integrated with workflow management systems for automation.	"Uses standardized formats directly, ensuring seamless interoperability with other tools."	Regular benchmarking and validation against widely accepted datasets with updates.	"Fully containerized (e.g., Docker, Singularity) with comprehensive dependency management."	Sufficient documentation but lacks a manual or comprehensive logging/reporting.	"The tool is designed for high scalability and parallelization, capable of efficiently processing very large datasets. It supports distributed computing, cloud platforms, and HPC environments, with optimization for resource allocation and task distribution."	"Tsou, C. C., Avtonomov, D., Larsen, B., Tucholska, M., Choi, H., Gingras, A. C., & Nesvizhskii, A. I. (2015). DIA-Umpire: comprehensive computational framework for data-independent acquisition proteomics. Nat. Methods, 12(3), 258-264. https://doi.org/10.1038/nmeth.3255"	3
Data Visualization	xcms	http://www.bioconductor.org/packages/release/bioc/html/xcms.html	2010	2024	Archived data or tool in a trusted repository.	"Comprehensive version control with regular updates, clear changelogs, and active maintenance."	"Fully open-source with a permissive license (e.g., MIT, Apache), code publicly available."	"Active engagement across multiple platforms (e.g., GitHub, forums, Q&A sites) with regular interactions."	Fully compatible and integrated with workflow management systems for automation.	"Uses standardized formats directly, ensuring seamless interoperability with other tools."	Tested only at the time of initial tool publication.	"Fully containerized (e.g., Docker, Singularity) with comprehensive dependency management."	"Detailed manual, thorough and clear documentation, and complete logging/reporting."	"The tool is designed for high scalability and parallelization, capable of efficiently processing very large datasets. It supports distributed computing, cloud platforms, and HPC environments, with optimization for resource allocation and task distribution."	"Benton, H. P., Want, E. J., & Ebbels, T. M. (2010). Correction of mass calibration gaps in liquid chromatography-mass spectrometry metabolomics data. Bioinformatics, 26(19), 2488-2489. https://doi.org/10.1093/bioinformatics/btq441"	3
Machine Learning and Prediction	metapredict	http://metapredict.readthedocs.io/	2021	2024	Archived data or tool in a trusted repository.	"Comprehensive version control with regular updates, clear changelogs, and active maintenance."	"Fully open-source with a permissive license (e.g., MIT, Apache), code publicly available."	"Minimal engagement, limited to one platform (e.g., GitHub issues or a single forum)."	"Usable as part of a pipeline in workflow systems (e.g., Snakemake, Galaxy)."	"Uses standardized formats directly, ensuring seamless interoperability with other tools."	Tested only at the time of initial tool publication.	"Fully containerized (e.g., Docker, Singularity) with comprehensive dependency management."	"Detailed manual, thorough and clear documentation, and complete logging/reporting."	"The tool is designed for high scalability and parallelization, capable of efficiently processing very large datasets. It supports distributed computing, cloud platforms, and HPC environments, with optimization for resource allocation and task distribution."	"Emenecker, R. J., Griffith, D., & Holehouse, A. S. (2021). Metapredict: A fast, accurate, and easy-to-use predictor of consensus disorder and structure. Biophys. J., 120(20), 4312-4319. https://doi.org/10.1016/j.bpj.2021.08.039"	3
Database Search and Spectral Libraries	MSFragger	http://msfragger.nesvilab.org	2017	2024	Archived data or tool in a trusted repository.	"Comprehensive version control with regular updates, clear changelogs, and active maintenance."	"Fully open-source with a permissive license (e.g., MIT, Apache), code publicly available."	"Active engagement across multiple platforms (e.g., GitHub, forums, Q&A sites) with regular interactions."	Fully compatible and integrated with workflow management systems for automation.	"Uses standardized formats directly, ensuring seamless interoperability with other tools."	Tested only at the time of initial tool publication.	"Fully containerized (e.g., Docker, Singularity) with comprehensive dependency management."	"Detailed manual, thorough and clear documentation, and complete logging/reporting."	"The tool is designed for high scalability and parallelization, capable of efficiently processing very large datasets. It supports distributed computing, cloud platforms, and HPC environments, with optimization for resource allocation and task distribution."	"Kong, A. T., Leprevost, F. V., Avtonomov, D. M., Mellacheruvu, D., & Nesvizhskii, A. I. (2017). MSFragger: ultrafast and comprehensive peptide identification in mass spectrometry-based proteomics. Nat. Methods, 14(5), 513-520. https://doi.org/10.1038/nmeth.4256"	3
Protein and Peptide Identification	MS-GF+	http://github.com/MSGFPlus/msgfplus/tree/master	2014	2024	Archived data or tool in a trusted repository.	"Comprehensive version control with regular updates, clear changelogs, and active maintenance."	"Fully open-source with a permissive license (e.g., MIT, Apache), code publicly available."	"Active engagement across multiple platforms (e.g., GitHub, forums, Q&A sites) with regular interactions."	Fully compatible and integrated with workflow management systems for automation.	"Uses standardized formats directly, ensuring seamless interoperability with other tools."	Tested only at the time of initial tool publication.	"Fully containerized (e.g., Docker, Singularity) with comprehensive dependency management."	"Detailed manual, thorough and clear documentation, and complete logging/reporting."	"The tool is designed for high scalability and parallelization, capable of efficiently processing very large datasets. It supports distributed computing, cloud platforms, and HPC environments, with optimization for resource allocation and task distribution."	"""MS-GF+ makes progress towards a universal database search tool for proteomics,"" Sangtae Kim and Pavel A Pevzner, Nat Commun. 2014 Oct 31; 5:5277. doi: 10.1038/ncomms6277. https://pubmed.ncbi.nlm.nih.gov/25358478/"	3
Data Processing and Analysis	MSnbase	http://bioconductor.org/packages/release/bioc/html/MSnbase.html	2010	2024	Archived data or tool in a trusted repository.	"Comprehensive version control with regular updates, clear changelogs, and active maintenance."	"Fully open-source with a permissive license (e.g., MIT, Apache), code publicly available."	"Minimal engagement, limited to one platform (e.g., GitHub issues or a single forum)."	"Usable as part of a pipeline in workflow systems (e.g., Snakemake, Galaxy)."	"Uses standardized formats directly, ensuring seamless interoperability with other tools."	Tested only at the time of initial tool publication.	"Fully containerized (e.g., Docker, Singularity) with comprehensive dependency management."	"Detailed manual, thorough and clear documentation, and complete logging/reporting."	The tool supports basic scalability. It can handle moderately large datasets but may not fully utilize advanced computational resources.	"Gatto, L., & Lilley, K. S. (2012). MSnbase—an R/Bioconductor package for isobaric tagged mass spectrometry data visualization, processing and quantitation. Bioinformatics, 28(2), 288-289. https://doi.org/10.1093/bioinformatics/btr645"	3
Data Processing and Analysis	mzR	http://bioconductor.org/packages/release/bioc/html/mzR.html	2012	2024	Archived data or tool in a trusted repository.	"Comprehensive version control with regular updates, clear changelogs, and active maintenance."	"Fully open-source with a permissive license (e.g., MIT, Apache), code publicly available."	"Minimal engagement, limited to one platform (e.g., GitHub issues or a single forum)."	"Usable as part of a pipeline in workflow systems (e.g., Snakemake, Galaxy)."	"Uses standardized formats directly, ensuring seamless interoperability with other tools."	Tested only at the time of initial tool publication.	"Fully containerized (e.g., Docker, Singularity) with comprehensive dependency management."	"Detailed manual, thorough and clear documentation, and complete logging/reporting."	The tool supports basic scalability. It can handle moderately large datasets but may not fully utilize advanced computational resources.	"Kessner, D., Chambers, M., Burke, R., Agus, D., & Mallick, P. (2008). ProteoWizard: Open source software for rapid proteomics tools development. Bioinformatics, 24(21), 2534-2536. https://doi.org/10.1093/bioinformatics/btn323"	3
Specialized Libraries and Frameworks	OpenMS	http://www.openms.de	2016	2024	"Both tool and data are archived in trusted, well-maintained repositories (e.g., Zenodo, ProteomeXchange)."	"Comprehensive version control with regular updates, clear changelogs, and active maintenance."	"Fully open-source with a permissive license (e.g., MIT, Apache), code publicly available."	"Active engagement across multiple platforms (e.g., GitHub, forums, Q&A sites) with regular interactions."	Fully compatible and integrated with workflow management systems for automation.	"Uses standardized formats directly, ensuring seamless interoperability with other tools."	Regular benchmarking and validation against widely accepted datasets with updates.	"Fully containerized (e.g., Docker, Singularity) with comprehensive dependency management."	"Detailed manual, thorough and clear documentation, and complete logging/reporting."	"The tool is designed for high scalability and parallelization, capable of efficiently processing very large datasets. It supports distributed computing, cloud platforms, and HPC environments, with optimization for resource allocation and task distribution."	"Pfeuffer, J., Bielow, C., Wein, S. et al. OpenMS 3 enables reproducible analysis of large-scale mass spectrometry data, Nat Methods 21, 365–367 (2024). https://doi.org/10.1038/s41592-024-02197-7"	3
Database Search and Spectral Libraries	PECAN (PEptide-Centric Analysis)	https://bitbucket.org/maccosslab/pecan	2017	2024	"Both tool and data are archived in trusted, well-maintained repositories (e.g., Zenodo, ProteomeXchange)."	"Comprehensive version control with regular updates, clear changelogs, and active maintenance."	"Fully open-source with a permissive license (e.g., MIT, Apache), code publicly available."	"Active engagement across multiple platforms (e.g., GitHub, forums, Q&A sites) with regular interactions."	Fully compatible and integrated with workflow management systems for automation.	"Uses standardized formats directly, ensuring seamless interoperability with other tools."	Regular benchmarking and validation against widely accepted datasets with updates.	"Fully containerized (e.g., Docker, Singularity) with comprehensive dependency management."	"Detailed manual, thorough and clear documentation, and complete logging/reporting."	"The tool is designed for high scalability and parallelization, capable of efficiently processing very large datasets. It supports distributed computing, cloud platforms, and HPC environments, with optimization for resource allocation and task distribution."	"Ting, Y. S., Egertson, J. D., Bollinger, J. G., Searle, B. C., Payne, S. H., Noble, W. S., & MacCoss, M. J. (2017). PECAN: Library-free peptide detection for data-independent acquisition tandem mass spectrometry data. Nat. Methods, 14(9), 903-908. https://doi.org/10.1038/nmeth.4390"	3
Data Visualization	Pep3D	http://tools.proteomecenter.org/Pep3D.php	2004	2024	"Both tool and data are archived in trusted, well-maintained repositories (e.g., Zenodo, ProteomeXchange)."	"Comprehensive version control with regular updates, clear changelogs, and active maintenance."	"Fully open-source with a permissive license (e.g., MIT, Apache), code publicly available."	"Active engagement across multiple platforms (e.g., GitHub, forums, Q&A sites) with regular interactions."	Fully compatible and integrated with workflow management systems for automation.	"Uses standardized formats directly, ensuring seamless interoperability with other tools."	Regular benchmarking and validation against widely accepted datasets with updates.	"Fully containerized (e.g., Docker, Singularity) with comprehensive dependency management."	"Detailed manual, thorough and clear documentation, and complete logging/reporting."	"The tool is designed for high scalability and parallelization, capable of efficiently processing very large datasets. It supports distributed computing, cloud platforms, and HPC environments, with optimization for resource allocation and task distribution."	"Li X-J, Pedrioli PGA, Eng J, Martin D, Yi EC, Lee H, Aebersold R. (2004) ""A tool to visualize and evaluate data obtained by liquid chromatography / electrospray ionization / mass spectrometry."" Anal Chem 76:3856-60."	3
Protein and Peptide Identification	PeptideProphet	http://peptideprophet.sourceforge.net/index.html	2003	2024	"Both tool and data are archived in trusted, well-maintained repositories (e.g., Zenodo, ProteomeXchange)."	"Comprehensive version control with regular updates, clear changelogs, and active maintenance."	"Fully open-source with a permissive license (e.g., MIT, Apache), code publicly available."	"Active engagement across multiple platforms (e.g., GitHub, forums, Q&A sites) with regular interactions."	Fully compatible and integrated with workflow management systems for automation.	"Uses standardized formats directly, ensuring seamless interoperability with other tools."	Regular benchmarking and validation against widely accepted datasets with updates.	"Fully containerized (e.g., Docker, Singularity) with comprehensive dependency management."	"Detailed manual, thorough and clear documentation, and complete logging/reporting."	"The tool is designed for high scalability and parallelization, capable of efficiently processing very large datasets. It supports distributed computing, cloud platforms, and HPC environments, with optimization for resource allocation and task distribution."	"Keller, A., Nesvizhskii, A. I., Kolker, E., & Aebersold, R. (2002). Empirical statistical model to estimate the accuracy of peptide identifications made by MS/MS and database search. Anal. Chem., 74(20), 5383-5392. https://doi.org/10.1021/ac025747h"	3
Protein and Peptide Identification	PeptideShaker	http://compomics.github.io/projects/peptide-shaker.html	2013	2024	"Both tool and data are archived in trusted, well-maintained repositories (e.g., Zenodo, ProteomeXchange)."	"Comprehensive version control with regular updates, clear changelogs, and active maintenance."	"Fully open-source with a permissive license (e.g., MIT, Apache), code publicly available."	"Active engagement across multiple platforms (e.g., GitHub, forums, Q&A sites) with regular interactions."	Fully compatible and integrated with workflow management systems for automation.	"Uses standardized formats directly, ensuring seamless interoperability with other tools."	Regular benchmarking and validation against widely accepted datasets with updates.	"Fully containerized (e.g., Docker, Singularity) with comprehensive dependency management."	"Detailed manual, thorough and clear documentation, and complete logging/reporting."	"The tool is designed for high scalability and parallelization, capable of efficiently processing very large datasets. It supports distributed computing, cloud platforms, and HPC environments, with optimization for resource allocation and task distribution."	"Vaudel, M., Burkhart, J. M., Zahedi, R. P., Oveland, E., Berven, F. S., Sickmann, A., Martens, L., & Barsnes, H. (2015). PeptideShaker enables reanalysis of MS-derived proteomics data sets. Nat. Biotechnol., 33(1), 22-24. https://doi.org/10.1038/nbt.3109"	3
Protein and Peptide Identification	pepXML2Excel	http://www.ms-utils.org/pepXML2Excel.html	2008	2024	"Both tool and data are archived in trusted, well-maintained repositories (e.g., Zenodo, ProteomeXchange)."	"Comprehensive version control with regular updates, clear changelogs, and active maintenance."	"Fully open-source with a permissive license (e.g., MIT, Apache), code publicly available."	"Active engagement across multiple platforms (e.g., GitHub, forums, Q&A sites) with regular interactions."	Fully compatible and integrated with workflow management systems for automation.	"Uses standardized formats directly, ensuring seamless interoperability with other tools."	Regular benchmarking and validation against widely accepted datasets with updates.	"Fully containerized (e.g., Docker, Singularity) with comprehensive dependency management."	Sufficient documentation but lacks a manual or comprehensive logging/reporting.	"The tool is designed for high scalability and parallelization, capable of efficiently processing very large datasets. It supports distributed computing, cloud platforms, and HPC environments, with optimization for resource allocation and task distribution."	"Bindschedler, L. V., Palmblad, M., & Cramer, R. (2008). Hydroponic isotope labelling of entire plants (HILEP) for quantitative plant proteomics; an oxidative stress case study. Phytochemistry, 69(10), 1962-1972. https://doi.org/10.1016/j.phytochem.2008.04.007"	3
Database Search and Spectral Libraries	Percolator	http://http://percolator.ms/	2014	2024	Archived data or tool in a trusted repository.	"Comprehensive version control with regular updates, clear changelogs, and active maintenance."	"Fully open-source with a permissive license (e.g., MIT, Apache), code publicly available."	"Active engagement across multiple platforms (e.g., GitHub, forums, Q&A sites) with regular interactions."	Fully compatible and integrated with workflow management systems for automation.	"Uses standardized formats directly, ensuring seamless interoperability with other tools."	Tested only at the time of initial tool publication.	"Fully containerized (e.g., Docker, Singularity) with comprehensive dependency management."	"Detailed manual, thorough and clear documentation, and complete logging/reporting."	"The tool is designed for high scalability and parallelization, capable of efficiently processing very large datasets. It supports distributed computing, cloud platforms, and HPC environments, with optimization for resource allocation and task distribution."	"Käll, L., Canterbury, J. D., Weston, J., Noble, W. S., & MacCoss, M. J. (2007). Semi-supervised learning for peptide identification from shotgun proteomics datasets. Nat. Methods, 4(11), 923-925. https://doi.org/10.1038/nmeth1113"	3
Data Visualization	pRolocGUI	http://bioconductor.org/packages/release/bioc/html/pRolocGUI.html	2020	2024	Archived data or tool in a trusted repository.	"Comprehensive version control with regular updates, clear changelogs, and active maintenance."	"Fully open-source with a permissive license (e.g., MIT, Apache), code publicly available."	"Active engagement across multiple platforms (e.g., GitHub, forums, Q&A sites) with regular interactions."	"Usable as part of a pipeline in workflow systems (e.g., Snakemake, Galaxy)."	"Uses standardized formats directly, ensuring seamless interoperability with other tools."	Tested only at the time of initial tool publication.	"Fully containerized (e.g., Docker, Singularity) with comprehensive dependency management."	"Detailed manual, thorough and clear documentation, and complete logging/reporting."	The tool supports basic scalability. It can handle moderately large datasets but may not fully utilize advanced computational resources.	"Gatto L, Breckels LM, Wieczorek S, Burger T, Lilley KS. Mass-spectrometry-based spatial proteomics data analysis using pRoloc and pRolocdata. Bioinformatics. 2014 May 1;30(9):1322-4. doi:10.1093/bioinformatics/btu013. Epub 2014 Jan 11. PMID:24413670; PMCID:PMC3998135."	3
Data Processing and Analysis	ProteomeDigestSim	https://github.com/jgmeyerucsd/ProteomeDigestSim	2012	2022	"Both tool and data are archived in trusted, well-maintained repositories (e.g., Zenodo, ProteomeXchange)."	"Comprehensive version control with regular updates, clear changelogs, and active maintenance."	"Fully open-source with a permissive license (e.g., MIT, Apache), code publicly available."	"Active engagement across multiple platforms (e.g., GitHub, forums, Q&A sites) with regular interactions."	"Usable as part of a pipeline in workflow systems (e.g., Snakemake, Galaxy)."	"Uses standardized formats directly, ensuring seamless interoperability with other tools."	Regular benchmarking and validation against widely accepted datasets with updates.	"Fully containerized (e.g., Docker, Singularity) with comprehensive dependency management."	"Detailed manual, thorough and clear documentation, and complete logging/reporting."	"The tool is designed for high scalability and parallelization, capable of efficiently processing very large datasets. It supports distributed computing, cloud platforms, and HPC environments, with optimization for resource allocation and task distribution."	"Wi?niewski, J. R., & Mann, M. (2012). Consecutive proteolytic digestion in an enzyme reactor increases depth of proteomic and phosphoproteomic analysis. Anal. Chem., 84(6), 2631-2637. https://doi.org/10.1021/ac300006b"	3
Specialized Libraries and Frameworks	ProteoWizard	http://proteowizard.sourceforge.net/	2012	2024	"Both tool and data are archived in trusted, well-maintained repositories (e.g., Zenodo, ProteomeXchange)."	"Comprehensive version control with regular updates, clear changelogs, and active maintenance."	"Fully open-source with a permissive license (e.g., MIT, Apache), code publicly available."	"Active engagement across multiple platforms (e.g., GitHub, forums, Q&A sites) with regular interactions."	Fully compatible and integrated with workflow management systems for automation.	"Uses standardized formats directly, ensuring seamless interoperability with other tools."	Regular benchmarking and validation against widely accepted datasets with updates.	"Fully containerized (e.g., Docker, Singularity) with comprehensive dependency management."	"Detailed manual, thorough and clear documentation, and complete logging/reporting."	"The tool is designed for high scalability and parallelization, capable of efficiently processing very large datasets. It supports distributed computing, cloud platforms, and HPC environments, with optimization for resource allocation and task distribution."	"Chambers, M. C., Maclean, B., Burke, R., Amodei, D., Ruderman, D. L., Neumann, S., Gatto, L., Fischer, B., Pratt, B., Egertson, J., Hoff, K., Kessner, D., Tasman, N., Shulman, N., Frewen, B., Baker, T. A., Brusniak, M. Y., Paulse, C., Creasy, D., Flashner, L., Kani, K., Moulding, C., Seymour, S. L., Nuwaysir, L. M., Lefebvre, B., Kuhlmann, F., Roark, J., Rainer, P., Detlev, S., Hemenway, T., Huhmer, A., Langridge, J., Connolly, B., Chadick, T., Holly, K., Eckels, J., Deutsch, E. W., Moritz, R. L., Katz, J. E., Agus, D. B., MacCoss, M., Tabb, D. L., & Mallick, P. (2012). A cross-platform toolkit for mass spectrometry and proteomics. Nat. Biotechnol., 30(10), 918-920. https://doi.org/10.1038/nbt.2378"	3
Machine Learning and Prediction	PSORTb	http://www.psort.org/psortb/	2010	2023	"Both tool and data are archived in trusted, well-maintained repositories (e.g., Zenodo, ProteomeXchange)."	"Comprehensive version control with regular updates, clear changelogs, and active maintenance."	"Fully open-source with a permissive license (e.g., MIT, Apache), code publicly available."	"Active engagement across multiple platforms (e.g., GitHub, forums, Q&A sites) with regular interactions."	"Usable as part of a pipeline in workflow systems (e.g., Snakemake, Galaxy)."	"Uses standardized formats directly, ensuring seamless interoperability with other tools."	Regular benchmarking and validation against widely accepted datasets with updates.	"Fully containerized (e.g., Docker, Singularity) with comprehensive dependency management."	Sufficient documentation but lacks a manual or comprehensive logging/reporting.	"The tool is designed for high scalability and parallelization, capable of efficiently processing very large datasets. It supports distributed computing, cloud platforms, and HPC environments, with optimization for resource allocation and task distribution."	"Yu, N. Y., Wagner, J. R., Laird, M. R., Melli, G., Rey, S., Lo, R., Dao, P., Sahinalp, S. C., Ester, M., Foster, L. J., Brinkman, F. S. (2010). PSORTb 3.0: Improved protein subcellular localization prediction with refined localization subcategories and predictive capabilities for all prokaryotes. Bioinformatics, 26(13), 1608-1615. https://doi.org/10.1093/bioinformatics/btq249"	3
Database Search and Spectral Libraries	SearchGUI	http://compomics.github.io/projects/searchgui.html	2011	2024	"Both tool and data are archived in trusted, well-maintained repositories (e.g., Zenodo, ProteomeXchange)."	"Comprehensive version control with regular updates, clear changelogs, and active maintenance."	"Fully open-source with a permissive license (e.g., MIT, Apache), code publicly available."	"Active engagement across multiple platforms (e.g., GitHub, forums, Q&A sites) with regular interactions."	Fully compatible and integrated with workflow management systems for automation.	"Uses standardized formats directly, ensuring seamless interoperability with other tools."	Regular benchmarking and validation against widely accepted datasets with updates.	"Fully containerized (e.g., Docker, Singularity) with comprehensive dependency management."	Sufficient documentation but lacks a manual or comprehensive logging/reporting.	"The tool is designed for high scalability and parallelization, capable of efficiently processing very large datasets. It supports distributed computing, cloud platforms, and HPC environments, with optimization for resource allocation and task distribution."	"Vaudel, M., Barsnes, H., Berven, F. S., Sickmann, A., & Martens, L. (2011). SearchGUI: An open-source graphical user interface for simultaneous OMSSA and X!Tandem searches. Proteomics, 11(5), 996-999. https://doi.org/10.1002/pmic.201000595"	3
Protein and Peptide Identification	Tandem2XML	http://tools.proteomecenter.org/wiki/index.php?title=Software:Tandem2XML	2015		"Both tool and data are archived in trusted, well-maintained repositories (e.g., Zenodo, ProteomeXchange)."	"Comprehensive version control with regular updates, clear changelogs, and active maintenance."	"Fully open-source with a permissive license (e.g., MIT, Apache), code publicly available."	"Active engagement across multiple platforms (e.g., GitHub, forums, Q&A sites) with regular interactions."	Fully compatible and integrated with workflow management systems for automation.	"Uses standardized formats directly, ensuring seamless interoperability with other tools."	Regular benchmarking and validation against widely accepted datasets with updates.	"Fully containerized (e.g., Docker, Singularity) with comprehensive dependency management."	"Detailed manual, thorough and clear documentation, and complete logging/reporting."	"The tool is designed for high scalability and parallelization, capable of efficiently processing very large datasets. It supports distributed computing, cloud platforms, and HPC environments, with optimization for resource allocation and task distribution."	"Deutsch, E. W., Mendoza, L., Shteynberg, D., Slagel, J., Sun, Z., & Moritz, R. L. (2015). Trans-Proteomic Pipeline, a standardized data processing pipeline for large-scale reproducible proteomics informatics. Proteomics Clin. Appl., 9(8), 745-754. https://doi.org/10.1002/prca.201400165"	3
Niche and Miscellaneous Tools	Trans-Proteomic Pipeline (TPP)	http://tools.proteomecenter.org/software.php	2015	2024	"Both tool and data are archived in trusted, well-maintained repositories (e.g., Zenodo, ProteomeXchange)."	"Comprehensive version control with regular updates, clear changelogs, and active maintenance."	"Fully open-source with a permissive license (e.g., MIT, Apache), code publicly available."	"Active engagement across multiple platforms (e.g., GitHub, forums, Q&A sites) with regular interactions."	Fully compatible and integrated with workflow management systems for automation.	"Uses standardized formats directly, ensuring seamless interoperability with other tools."	Regular benchmarking and validation against widely accepted datasets with updates.	"Fully containerized (e.g., Docker, Singularity) with comprehensive dependency management."	"Detailed manual, thorough and clear documentation, and complete logging/reporting."	"The tool is designed for high scalability and parallelization, capable of efficiently processing very large datasets. It supports distributed computing, cloud platforms, and HPC environments, with optimization for resource allocation and task distribution."	"Deutsch, E. W., Mendoza, L., Shteynberg, D., Slagel, J., Sun, Z., & Moritz, R. L. (2015). Trans-Proteomic Pipeline, a standardized data processing pipeline for large-scale reproducible proteomics informatics. Proteomics Clin. Appl., 9(8), 745-754. https://doi.org/10.1002/prca.201400166"	3
Data Visualization	Unipept visualizations	https://github.com/unipept/unipept-visualizations	2016	2024	"Both tool and data are archived in trusted, well-maintained repositories (e.g., Zenodo, ProteomeXchange)."	"Comprehensive version control with regular updates, clear changelogs, and active maintenance."	"Fully open-source with a permissive license (e.g., MIT, Apache), code publicly available."	"Active engagement across multiple platforms (e.g., GitHub, forums, Q&A sites) with regular interactions."	"Usable as part of a pipeline in workflow systems (e.g., Snakemake, Galaxy)."	"Uses standardized formats directly, ensuring seamless interoperability with other tools."	Tested only at the time of initial tool publication.	"Fully containerized (e.g., Docker, Singularity) with comprehensive dependency management."	"Detailed manual, thorough and clear documentation, and complete logging/reporting."	"The tool is designed for high scalability and parallelization, capable of efficiently processing very large datasets. It supports distributed computing, cloud platforms, and HPC environments, with optimization for resource allocation and task distribution."	"Mesuere, B., Devreese, B., Debyser, G., Aerts, M., Vandamme, P., & Dawyndt, P. (2012). Unipept: Tryptic peptide-based biodiversity analysis of metaproteome samples. J. Proteome Res., 11(12), 5773-5780. https://doi.org/10.1021/pr300576s"	3
Quantitative Proteomics	XPRESS	http://tools.proteomecenter.org/XPRESS.php	2001	2024	"Both tool and data are archived in trusted, well-maintained repositories (e.g., Zenodo, ProteomeXchange)."	"Comprehensive version control with regular updates, clear changelogs, and active maintenance."	"Fully open-source with a permissive license (e.g., MIT, Apache), code publicly available."	"Active engagement across multiple platforms (e.g., GitHub, forums, Q&A sites) with regular interactions."	Fully compatible and integrated with workflow management systems for automation.	"Uses standardized formats directly, ensuring seamless interoperability with other tools."	Regular benchmarking and validation against widely accepted datasets with updates.	"Fully containerized (e.g., Docker, Singularity) with comprehensive dependency management."	"Detailed manual, thorough and clear documentation, and complete logging/reporting."	"The tool is designed for high scalability and parallelization, capable of efficiently processing very large datasets. It supports distributed computing, cloud platforms, and HPC environments, with optimization for resource allocation and task distribution."	"Han, D. K., Eng, J., Zhou, H., & Aebersold, R. (2001). Quantitative profiling of differentiation-induced microsomal proteins using isotope-coded affinity tags and mass spectrometry. Nat. Biotechnol., 19(10), 946-951. https://doi.org/10.1038/nbt1001-946"	3
Protein and Peptide Identification	XTandem	http://www.thegpm.org/TANDEM/	2004	2017	Archived data or tool in a trusted repository.	"Minimal or inconsistent version control, tool still functional but not actively maintained."	"Fully open-source with a permissive license (e.g., MIT, Apache), code publicly available."	"Active engagement across multiple platforms (e.g., GitHub, forums, Q&A sites) with regular interactions."	Fully compatible and integrated with workflow management systems for automation.	"Uses standardized formats directly, ensuring seamless interoperability with other tools."	Tested only at the time of initial tool publication.	"Partially containerized, e.g., as part of a broader pipeline or incomplete container."	"Detailed manual, thorough and clear documentation, and complete logging/reporting."	"The tool is designed for high scalability and parallelization, capable of efficiently processing very large datasets. It supports distributed computing, cloud platforms, and HPC environments, with optimization for resource allocation and task distribution."	"Craig, R., & Beavis, R. C. (2004). TANDEM: Matching proteins with tandem mass spectra. Bioinformatics, 20(9), 1466-1467. https://doi.org/10.1093/bioinformatics/bth092"	3
Niche and Miscellaneous Tools	DACSIM	https://pubs.acs.org/doi/abs/10.1021/ac0491206	2004	2004	Not archived or hosted in unreliable locations.	"No version control, tool is deprecated or unreliable."	Proprietary or restricted access requires payment or a limited free trial.	No evidence of community engagement or support.	Cannot integrate into workflow management systems.	Input/output formats are unknown or non-standard.	No benchmarking or testing reported.	Not containerized or dependency management is manual.	"Lacks a manual; minimal or unclear documentation, logging, or reporting."	The tool has unknown or no built-in scalability or parallelization capabilities. It struggles to handle large datasets efficiently and cannot leverage cloud or HPC resources.	"Thilo Muth, Bernhard Y Renard, Evaluating de novo sequencing in proteomics: already an accurate alternative to database-driven peptide identification?, Briefings in Bioinformatics, Volume 19, Issue 5, September 2018, Pages 954–970, https://doi.org/10.1093/bib/bbx033"	1
Specialized Libraries and Frameworks	libmprc	http://informatics.mayo.edu/svn/trunk/mprc/raams/doc/index.html	2007	2007	Not archived or hosted in unreliable locations.	"No version control, tool is deprecated or unreliable."	Proprietary or restricted access requires payment or a limited free trial.	No evidence of community engagement or support.	Cannot integrate into workflow management systems.	Input/output formats are unknown or non-standard.	No benchmarking or testing reported.	Not containerized or dependency management is manual.	"Lacks a manual; minimal or unclear documentation, logging, or reporting."	The tool has unknown or no built-in scalability or parallelization capabilities. It struggles to handle large datasets efficiently and cannot leverage cloud or HPC resources.	"Mason, C. J., Therneau, T. M., Eckel-Passow, J. E., Johnson, K. L., Oberg, A. L., Olson, J. E., Nair, K. S., Muddiman, D. C., & Bergen, H. R., 3rd (2007). A method for automatically interpreting mass spectra of 18O-labeled isotopic clusters. Molecular & cellular proteomics : MCP, 6(2), 305–318. https://doi.org/10.1074/mcp.M600148-MCP200"	1
Protein and Peptide Identification	Popitam	https://github.com/chernan/popitam	2008	2015	Not archived or hosted in unreliable locations.	"No version control, tool is deprecated or unreliable."	"Fully open-source with a permissive license (e.g., MIT, Apache), code publicly available."	"Minimal engagement, limited to one platform (e.g., GitHub issues or a single forum)."	Cannot integrate into workflow management systems.	Input/output formats are unknown or non-standard.	Tested only at the time of initial tool publication.	Not containerized or dependency management is manual.	"Lacks a manual; minimal or unclear documentation, logging, or reporting."	The tool has unknown or no built-in scalability or parallelization capabilities. It struggles to handle large datasets efficiently and cannot leverage cloud or HPC resources.	"Hernandez, P., Gras, R., Frey, J., & Appel, R. D. (2003). Popitam: towards new heuristic strategies to improve protein identification from tandem mass spectrometry data. Proteomics, 3(6), 870–878. https://doi.org/10.1002/pmic.200300402"	1
Machine Learning and Prediction	sAMPpred-GAT	http://bliulab.net/sAMPpred-GAT	2022	2023	Not archived or hosted in unreliable locations.	"Minimal or inconsistent version control, tool still functional but not actively maintained."	"Fully open-source with a permissive license (e.g., MIT, Apache), code publicly available."	"Minimal engagement, limited to one platform (e.g., GitHub issues or a single forum)."	Cannot integrate into workflow management systems.	Input/output formats are unknown or non-standard.	Tested only at the time of initial tool publication.	Not containerized or dependency management is manual.	"Lacks a manual; minimal or unclear documentation, logging, or reporting."	The tool has unknown or no built-in scalability or parallelization capabilities. It struggles to handle large datasets efficiently and cannot leverage cloud or HPC resources.	"Yan, K., Lv, H., Guo, Y., Peng, W. and Liu, B., 2023. sAMPpred-GAT: prediction of antimicrobial peptide by graph attention network and predicted peptide structure. Bioinformatics, 39(1), p.btac715."	1
De Novo Sequencing	Vonode	http://www.omicsbio.org/	2009	2010	Not archived or hosted in unreliable locations.	"No version control, tool is deprecated or unreliable."	Proprietary or restricted access requires payment or a limited free trial.	No evidence of community engagement or support.	Cannot integrate into workflow management systems.	Input/output formats are unknown or non-standard.	No benchmarking or testing reported.	Not containerized or dependency management is manual.	"Lacks a manual; minimal or unclear documentation, logging, or reporting."	The tool has unknown or no built-in scalability or parallelization capabilities. It struggles to handle large datasets efficiently and cannot leverage cloud or HPC resources.	"Pan, C., Park, B.H., McDonald, W.H. et al. A high-throughput de novo sequencing approach for shotgun proteomics using high-resolution tandem mass spectrometry. BMC Bioinformatics 11, 118 (2010). https://doi.org/10.1186/1471-2105-11-118"	1
Niche and Miscellaneous Tools	DECIPHER	http://bioconductor.org/packages/release/bioc/html/DECIPHER.html	2011	2025	"Both tool and data are archived in trusted, well-maintained repositories (e.g., Zenodo, ProteomeXchange)."	"Comprehensive version control with regular updates, clear changelogs, and active maintenance."	"Fully open-source with a permissive license (e.g., MIT, Apache), code publicly available."	"Active engagement across multiple platforms (e.g., GitHub, forums, Q&A sites) with regular interactions."	Fully compatible and integrated with workflow management systems for automation.	"Uses standardized formats directly, ensuring seamless interoperability with other tools."	Regular benchmarking and validation against widely accepted datasets with updates.	"Partially containerized, e.g., as part of a broader pipeline or incomplete container."	"Detailed manual, thorough and clear documentation, and complete logging/reporting."	"The tool is designed for high scalability and parallelization, capable of efficiently processing very large datasets. It supports distributed computing, cloud platforms, and HPC environments, with optimization for resource allocation and task distribution."	"ES Wright (2015) ""DECIPHER: harnessing local sequence context to improve protein multiple sequence alignment."" BMC Bioinformatics, doi:10.1186/s12859-015-0749-z."	3
Database Search and Spectral Libraries	decoy.pl	http://www.matrixscience.com/help/decoy_help.html	2005	2006	Not archived or hosted in unreliable locations.	"No version control, tool is deprecated or unreliable."	"Fully open-source with a permissive license (e.g., MIT, Apache), code publicly available."	No evidence of community engagement or support.	Cannot integrate into workflow management systems.	"Uses standardized formats directly, ensuring seamless interoperability with other tools."	No benchmarking or testing reported.	Not containerized or dependency management is manual.	"Lacks a manual; minimal or unclear documentation, logging, or reporting."	The tool has unknown or no built-in scalability or parallelization capabilities. It struggles to handle large datasets efficiently and cannot leverage cloud or HPC resources.	"Elias, J., Haas, W., Faherty, B. et al. Comparative evaluation of mass spectrometry platforms used in large-scale proteomics investigations. Nat Methods 2, 667–675 (2005). https://doi.org/10.1038/nmeth785"	1
Database Search and Spectral Libraries	idconvert	http://proteowizard.sourceforge.net/tools/idconvert.html	2007	2025	"Both tool and data are archived in trusted, well-maintained repositories (e.g., Zenodo, ProteomeXchange)."	"Comprehensive version control with regular updates, clear changelogs, and active maintenance."	"Fully open-source with a permissive license (e.g., MIT, Apache), code publicly available."	"Active engagement across multiple platforms (e.g., GitHub, forums, Q&A sites) with regular interactions."	Fully compatible and integrated with workflow management systems for automation.	"Uses standardized formats directly, ensuring seamless interoperability with other tools."	Regular benchmarking and validation against widely accepted datasets with updates.	"Fully containerized (e.g., Docker, Singularity) with comprehensive dependency management."	"Detailed manual, thorough and clear documentation, and complete logging/reporting."	"The tool is designed for high scalability and parallelization, capable of efficiently processing very large datasets. It supports distributed computing, cloud platforms, and HPC environments, with optimization for resource allocation and task distribution."	"Chambers, M., Maclean, B., Burke, R. et al. A cross-platform toolkit for mass spectrometry and proteomics. Nat Biotechnol 30, 918–920 (2012). https://doi.org/10.1038/nbt.2377"	3
Quantitative Proteomics	massifquant	http://www.bioconductor.org/packages/release/bioc/html/xcms.html	2014	2025	"Both tool and data are archived in trusted, well-maintained repositories (e.g., Zenodo, ProteomeXchange)."	"Comprehensive version control with regular updates, clear changelogs, and active maintenance."	"Fully open-source with a permissive license (e.g., MIT, Apache), code publicly available."	"Active engagement across multiple platforms (e.g., GitHub, forums, Q&A sites) with regular interactions."	"Usable as part of a pipeline in workflow systems (e.g., Snakemake, Galaxy)."	Input/output formats are unknown or non-standard.	Regular benchmarking and validation against widely accepted datasets with updates.	Not containerized or dependency management is manual.	"Detailed manual, thorough and clear documentation, and complete logging/reporting."	"The tool is designed for high scalability and parallelization, capable of efficiently processing very large datasets. It supports distributed computing, cloud platforms, and HPC environments, with optimization for resource allocation and task distribution."	"Christopher J. Conley, Rob Smith, Ralf J. O. Torgrip, Ryan M. Taylor, Ralf Tautenhahn, John T. Prince, Massifquant: open-source Kalman filter-based XC-MS isotope trace feature detection, Bioinformatics, Volume 30, Issue 18, September 2014, Pages 2636–2643, https://doi.org/10.1093/bioinformatics/btu359"	1
Metabolomics and Small Molecule Analysis	metaX	https://github.com/byemaxx/MetaX	2024	2025	"Both tool and data are archived in trusted, well-maintained repositories (e.g., Zenodo, ProteomeXchange)."	"Comprehensive version control with regular updates, clear changelogs, and active maintenance."	"Fully open-source with a permissive license (e.g., MIT, Apache), code publicly available."	"Active engagement across multiple platforms (e.g., GitHub, forums, Q&A sites) with regular interactions."	"Active engagement across multiple platforms (e.g., GitHub, forums, Q&A sites) with regular interactions."	Formats are non-standard but can be converted with effort.	Tested only at the time of initial tool publication.	Not containerized or dependency management is manual.	"Detailed manual, thorough and clear documentation, and complete logging/reporting."	The tool has unknown or no built-in scalability or parallelization capabilities. It struggles to handle large datasets efficiently and cannot leverage cloud or HPC resources.	"MetaX: A peptide centric metaproteomic data analysis platform using Operational Taxa-Functions (OTF). Qing Wu, Zhibin Ning, Ailing Zhang, Xu Zhang, Zhongzhi Sun, Daniel Figeys. bioRxiv 2024.04.19.590315; doi: https://doi.org/10.1101/2024.04.19.590315"	1
Niche and Miscellaneous Tools	MitoCarta	http://www.broadinstitute.org/mitocarta	2008	2025	Archived data or tool in a trusted repository.	"Comprehensive version control with regular updates, clear changelogs, and active maintenance."	"Fully open-source with a permissive license (e.g., MIT, Apache), code publicly available."	"Minimal engagement, limited to one platform (e.g., GitHub issues or a single forum)."	Cannot integrate into workflow management systems.	"Uses standardized formats directly, ensuring seamless interoperability with other tools."	Tested only at the time of initial tool publication.	Not containerized or dependency management is manual.	Sufficient documentation but lacks a manual or comprehensive logging/reporting.	The tool has unknown or no built-in scalability or parallelization capabilities. It struggles to handle large datasets efficiently and cannot leverage cloud or HPC resources.	"Pagliarini, D. J., Calvo, S. E., Chang, B., Sheth, S. A., Vafai, S. B., Ong, S. E., Walford, G. A., Sugiana, C., Boneh, A., Chen, W. K., Hill, D. E., Vidal, M., Evans, J. G., Thorburn, D. R., Carr, S. A., & Mootha, V. K. (2008). A mitochondrial protein compendium elucidates complex I disease biology. Cell, 134(1), 112–123. https://doi.org/10.1016/j.cell.2008.06.016"	1
Spectral Processing and Alignment	MS-Deconv	https://www.toppic.org/software/msdeconv/index.html	2010	2010	Not archived or hosted in unreliable locations.	"Minimal or inconsistent version control, tool still functional but not actively maintained."	"Open source but with restrictions (e.g., limited commercial use or missing code access)."	"Minimal engagement, limited to one platform (e.g., GitHub issues or a single forum)."	Cannot integrate into workflow management systems.	Input/output formats are unknown or non-standard.	Tested only at the time of initial tool publication.	Not containerized or dependency management is manual.	Sufficient documentation but lacks a manual or comprehensive logging/reporting.	The tool has unknown or no built-in scalability or parallelization capabilities. It struggles to handle large datasets efficiently and cannot leverage cloud or HPC resources.	"Liu, X., Inbar, Y., Dorrestein, P. C., Wynne, C., Edwards, N., Souda, P., Whitelegge, J. P., Bafna, V., & Pevzner, P. A. (2010). Deconvolution and database search of complex tandem mass spectra of intact proteins: a combinatorial approach. Molecular & cellular proteomics : MCP, 9(12), 2772–2782. https://doi.org/10.1074/mcp.M110.002766"	3
Data Processing and Analysis	msmsEDA and msmsTests	http://bioconductor.org/packages/release/bioc/html/msmsTests.html	2013	2025	Not archived or hosted in unreliable locations.	"Comprehensive version control with regular updates, clear changelogs, and active maintenance."	"Fully open-source with a permissive license (e.g., MIT, Apache), code publicly available."	"Active engagement across multiple platforms (e.g., GitHub, forums, Q&A sites) with regular interactions."	"Usable as part of a pipeline in workflow systems (e.g., Snakemake, Galaxy)."	Input/output formats are unknown or non-standard.	Input/output formats are unknown or non-standard.	Not containerized or dependency management is manual.	Sufficient documentation but lacks a manual or comprehensive logging/reporting.	The tool has unknown or no built-in scalability or parallelization capabilities. It struggles to handle large datasets efficiently and cannot leverage cloud or HPC resources.	"Gregori, J., Sánchez, À., & Villanueva, J. (2023). msmsEDA & msmsTests: Label-Free Differential Expression by Spectral Counts. Methods in molecular biology (Clifton, N.J.), 2426, 197–242. https://doi.org/10.1007/978-1-0716-1967-4_10"	3
Protein and Peptide Identification	PepNovo	https://github.com/jmchilton/pepnovo	2005	2012	Not archived or hosted in unreliable locations.	"Minimal or inconsistent version control, tool still functional but not actively maintained."	"Fully open-source with a permissive license (e.g., MIT, Apache), code publicly available."	"Minimal engagement, limited to one platform (e.g., GitHub issues or a single forum)."	"Usable as part of a pipeline in workflow systems (e.g., Snakemake, Galaxy)."	"Uses standardized formats directly, ensuring seamless interoperability with other tools."	Tested only at the time of initial tool publication.	"Partially containerized, e.g., as part of a broader pipeline or incomplete container."	Sufficient documentation but lacks a manual or comprehensive logging/reporting.	The tool has unknown or no built-in scalability or parallelization capabilities. It struggles to handle large datasets efficiently and cannot leverage cloud or HPC resources.	"Frank, A., & Pevzner, P. (2005). PepNovo: de novo peptide sequencing via probabilistic network modeling. Analytical chemistry, 77(4), 964–973. https://doi.org/10.1021/ac048788h"	1
Protein and Peptide Identification	Prosit	https://www.proteomicsdb.org/prosit/	2019	2021	"Both tool and data are archived in trusted, well-maintained repositories (e.g., Zenodo, ProteomeXchange)."	"Comprehensive version control with regular updates, clear changelogs, and active maintenance."	"Fully open-source with a permissive license (e.g., MIT, Apache), code publicly available."	"Active engagement across multiple platforms (e.g., GitHub, forums, Q&A sites) with regular interactions."	"Usable as part of a pipeline in workflow systems (e.g., Snakemake, Galaxy)."	"Uses standardized formats directly, ensuring seamless interoperability with other tools."	Tested only at the time of initial tool publication.	"Fully containerized (e.g., Docker, Singularity) with comprehensive dependency management."	Sufficient documentation but lacks a manual or comprehensive logging/reporting.	"The tool is designed for high scalability and parallelization, capable of efficiently processing very large datasets. It supports distributed computing, cloud platforms, and HPC environments, with optimization for resource allocation and task distribution."	"Gessulat, S., Schmidt, T., Zolg, D.P. et al. Prosit: proteome-wide prediction of peptide tandem mass spectra by deep learning. Nat Methods 16, 509–518 (2019). https://doi.org/10.1038/s41592-019-0426-7"	1
Specialized Libraries and Frameworks	ProteomeTools	http://www.proteometools.org/	2017	2021	Archived data or tool in a trusted repository.	"Minimal or inconsistent version control, tool still functional but not actively maintained."	Proprietary or restricted access requires payment or a limited free trial.	No evidence of community engagement or support.	Cannot integrate into workflow management systems.	Input/output formats are unknown or non-standard.	Tested only at the time of initial tool publication.	Not containerized or dependency management is manual.	"Lacks a manual; minimal or unclear documentation, logging, or reporting."	The tool has unknown or no built-in scalability or parallelization capabilities. It struggles to handle large datasets efficiently and cannot leverage cloud or HPC resources.	"Zolg, D., Wilhelm, M., Schnatbaum, K. et al. Building ProteomeTools based on a complete synthetic human proteome. Nat Methods 14, 259–262 (2017). https://doi.org/10.1038/nmeth.4153"	1
Data Processing and Analysis	ProteoSAFe	http://proteomics.ucsd.edu/ProteoSAFe/	2005	2005	Not archived or hosted in unreliable locations.	"No version control, tool is deprecated or unreliable."	Proprietary or restricted access requires payment or a limited free trial.	No evidence of community engagement or support.	Cannot integrate into workflow management systems.	Input/output formats are unknown or non-standard.	No benchmarking or testing reported.	Not containerized or dependency management is manual.	"Lacks a manual; minimal or unclear documentation, logging, or reporting."	The tool has unknown or no built-in scalability or parallelization capabilities. It struggles to handle large datasets efficiently and cannot leverage cloud or HPC resources.	"Frank, A., Tanner, S., Bafna, V., & Pevzner, P. (2005). Peptide sequence tags for fast database search in mass-spectrometry. Journal of proteome research, 4(4), 1287–1295. https://doi.org/10.1021/pr050011x"	1
Data Processing and Analysis	rpx	http://bioconductor.org/packages/release/bioc/html/rpx.html	2020	2025	Archived data or tool in a trusted repository.	"Comprehensive version control with regular updates, clear changelogs, and active maintenance."	"Fully open-source with a permissive license (e.g., MIT, Apache), code publicly available."	"Active engagement across multiple platforms (e.g., GitHub, forums, Q&A sites) with regular interactions."	"Usable as part of a pipeline in workflow systems (e.g., Snakemake, Galaxy)."	"Uses standardized formats directly, ensuring seamless interoperability with other tools."	No benchmarking or testing reported.	Not containerized or dependency management is manual.	Sufficient documentation but lacks a manual or comprehensive logging/reporting.	The tool has unknown or no built-in scalability or parallelization capabilities. It struggles to handle large datasets efficiently and cannot leverage cloud or HPC resources.	"Gatto, L., Breckels, L. M., Naake, T., & Gibb, S. (2015). Visualization of proteomics data using R and bioconductor. Proteomics, 15(8), 1375–1389. https://doi.org/10.1002/pmic.201400392"	1
Niche and Miscellaneous Tools	rt	http://www.ms-utils.org/rt.html	2002	2002	Not archived or hosted in unreliable locations.	"No version control, tool is deprecated or unreliable."	Proprietary or restricted access requires payment or a limited free trial.	No evidence of community engagement or support.	Cannot integrate into workflow management systems.	Input/output formats are unknown or non-standard.	No benchmarking or testing reported.	Not containerized or dependency management is manual.	"Lacks a manual; minimal or unclear documentation, logging, or reporting."	The tool has unknown or no built-in scalability or parallelization capabilities. It struggles to handle large datasets efficiently and cannot leverage cloud or HPC resources.	"Palmblad, M., Ramström, M., Markides, K. E., Håkansson, P., & Bergquist, J. (2002). Prediction of chromatographic retention and protein identification in liquid chromatography/mass spectrometry. Analytical chemistry, 74(22), 5826–5830. https://doi.org/10.1021/ac0256890"	1
Data Processing and Analysis	SRMstats	http://www.stat.purdue.edu/~chang54/SRMstats/Home.html	2012	2012	Not archived or hosted in unreliable locations.	"No version control, tool is deprecated or unreliable."	Proprietary or restricted access requires payment or a limited free trial.	No evidence of community engagement or support.	Cannot integrate into workflow management systems.	Input/output formats are unknown or non-standard.	No benchmarking or testing reported.	Not containerized or dependency management is manual.	"Lacks a manual; minimal or unclear documentation, logging, or reporting."	The tool has unknown or no built-in scalability or parallelization capabilities. It struggles to handle large datasets efficiently and cannot leverage cloud or HPC resources.	"Chang, C. Y., Picotti, P., Hüttenhain, R., Heinzelmann-Schwarz, V., Jovanovic, M., Aebersold, R., & Vitek, O. (2012). Protein significance analysis in selected reaction monitoring (SRM) measurements. Molecular & cellular proteomics : MCP, 11(4), M111.014662. https://doi.org/10.1074/mcp.M111.014662"	1
